1,D:\Visible_Data\3.SplitTrainVal\Val\1\000000005315_1_20190905145918346.jpg
1,D:\Visible_Data\3.SplitTrainVal\Val\1\000000005315_6_20190905145918346.jpg
1,D:\Visible_Data\3.SplitTrainVal\Val\1\000000005322_2_20191008202614426.jpg
1,D:\Visible_Data\3.SplitTrainVal\Val\1\000000005328_1_2019112910482472.jpg
1,D:\Visible_Data\3.SplitTrainVal\Val\1\000000005331_6_20191114154629273.jpg
1,D:\Visible_Data\3.SplitTrainVal\Val\1\000000005575_7_20190906201133562.jpg
1,D:\Visible_Data\3.SplitTrainVal\Val\1\00000058145_6_20190917122800579.jpg
1,D:\Visible_Data\3.SplitTrainVal\Val\1\00000058179_10_2019091015054683.jpg
1,D:\Visible_Data\3.SplitTrainVal\Val\1\00000058656_1_20190901172604741.jpg
1,D:\Visible_Data\3.SplitTrainVal\Val\1\00001127392_8_201909041920194.jpg
1,D:\Visible_Data\3.SplitTrainVal\Val\1\00001134012_10_20190916182833858.jpg
1,D:\Visible_Data\3.SplitTrainVal\Val\1\00001134012_5_20190921170513151.jpg
1,D:\Visible_Data\3.SplitTrainVal\Val\1\00001134012_8_20191123135347907.jpg
1,D:\Visible_Data\3.SplitTrainVal\Val\1\00001134012_8_20191205191855741.jpg
1,D:\Visible_Data\3.SplitTrainVal\Val\1\00001134012_9_20191001170303164.jpg
1,D:\Visible_Data\3.SplitTrainVal\Val\1\00001136125_10_20191113174958504.jpg
1,D:\Visible_Data\3.SplitTrainVal\Val\1\00001136125_1_20190906164408761.jpg
1,D:\Visible_Data\3.SplitTrainVal\Val\1\00001136125_4_20190917092425206.jpg
1,D:\Visible_Data\3.SplitTrainVal\Val\1\00001136125_5_20191004083736777.jpg
1,D:\Visible_Data\3.SplitTrainVal\Val\1\00001136125_5_20191102084754551.jpg
1,D:\Visible_Data\3.SplitTrainVal\Val\1\00001136125_9_20191003144021277.jpg
1,D:\Visible_Data\3.SplitTrainVal\Val\1\00001140182_8_20190906162930516.jpg
1,D:\Visible_Data\3.SplitTrainVal\Val\1\00001143440_9_20190901162328766.jpg
1,D:\Visible_Data\3.SplitTrainVal\Val\1\00001146284_1_20190906175406124.jpg
1,D:\Visible_Data\3.SplitTrainVal\Val\1\00001147445_8_20190903190312066.jpg
1,D:\Visible_Data\3.SplitTrainVal\Val\1\00001150801_10_20190902212855965.jpg
1,D:\Visible_Data\3.SplitTrainVal\Val\1\00001151012_7_20190906195149281.jpg
1,D:\Visible_Data\3.SplitTrainVal\Val\1\00001152392_8_2019091709442228.jpg
1,D:\Visible_Data\3.SplitTrainVal\Val\1\00001154592_8_20191003074506985.jpg
1,D:\Visible_Data\3.SplitTrainVal\Val\1\00001154705_7_20190922162207703.jpg
1,D:\Visible_Data\3.SplitTrainVal\Val\1\00001155780_8_20191003153109549.jpg
1,D:\Visible_Data\3.SplitTrainVal\Val\1\00001157140_2_20191002181947386.jpg
1,D:\Visible_Data\3.SplitTrainVal\Val\1\00001157288_1_20190902172119512.jpg
1,D:\Visible_Data\3.SplitTrainVal\Val\1\00001157908_9_20190907180849696.jpg
1,D:\Visible_Data\3.SplitTrainVal\Val\1\00001158342_10_20190902201915655.jpg
1,D:\Visible_Data\3.SplitTrainVal\Val\1\00001159659_4_20190905185718967.jpg
1,D:\Visible_Data\3.SplitTrainVal\Val\1\01099021110040259708_5_2019090114503917.jpg
1,D:\Visible_Data\3.SplitTrainVal\Val\1\01099223830031689707_8_20190917084354498.jpg
1,D:\Visible_Data\3.SplitTrainVal\Val\1\01099227060044219709_4_20191001075852916.jpg
1,D:\Visible_Data\3.SplitTrainVal\Val\1\01099251980084899708_6_20190906171524331.jpg
1,D:\Visible_Data\3.SplitTrainVal\Val\1\01099310330210259708_10_20190916110334681.jpg
1,D:\Visible_Data\3.SplitTrainVal\Val\1\01099310800129089708_10_20190901140232941.jpg
1,D:\Visible_Data\3.SplitTrainVal\Val\1\01099311180064429708_2_20191109090653416.jpg
1,D:\Visible_Data\3.SplitTrainVal\Val\1\01099311180129629701_2_20190920174905566.jpg
1,D:\Visible_Data\3.SplitTrainVal\Val\1\01099421700051829707_10_20190917185010645.jpg
1,D:\Visible_Data\3.SplitTrainVal\Val\1\01099423540092039704_7_20190903094000205.jpg
1,D:\Visible_Data\3.SplitTrainVal\Val\1\01099424630041209704_7_20190905193928891.jpg
1,D:\Visible_Data\3.SplitTrainVal\Val\1\01099520630034619707_9_20190923185521019.jpg
1,D:\Visible_Data\3.SplitTrainVal\Val\1\01099521960007889707_9_20190906105559693.jpg
1,D:\Visible_Data\3.SplitTrainVal\Val\1\01099525460026469707_4_20190907111410868.jpg
1,D:\Visible_Data\3.SplitTrainVal\Val\1\01099525580041889706_3_20190908152838094.jpg
1,D:\Visible_Data\3.SplitTrainVal\Val\1\01099525600054019707_5_20190901170502223.jpg
1,D:\Visible_Data\3.SplitTrainVal\Val\1\01099527330100039704_10_20190903094331392.jpg
1,D:\Visible_Data\3.SplitTrainVal\Val\1\01099611730037429708_9_20190905195114188.jpg
1,D:\Visible_Data\3.SplitTrainVal\Val\1\01099611860020469706_7_20190902210823049.jpg
1,D:\Visible_Data\3.SplitTrainVal\Val\1\01099611860039209706_2_20190908190439299.jpg
1,D:\Visible_Data\3.SplitTrainVal\Val\1\01099611860039449706_10_20190902095503176.jpg
1,D:\Visible_Data\3.SplitTrainVal\Val\1\01099611890017879704_5_20190929175900806.jpg
1,D:\Visible_Data\3.SplitTrainVal\Val\1\01099611950018639704_1_20190907133817813.jpg
1,D:\Visible_Data\3.SplitTrainVal\Val\1\01099611950023039707_10_2019111214005532.jpg
1,D:\Visible_Data\3.SplitTrainVal\Val\1\01099616550033219708_9_20190902095524964.jpg
1,D:\Visible_Data\3.SplitTrainVal\Val\1\01099620410081669708_9_20190915120934835.jpg
1,D:\Visible_Data\3.SplitTrainVal\Val\1\01099622220327069708_10_20191128185855976.jpg
1,D:\Visible_Data\3.SplitTrainVal\Val\1\01996218901558002739000014977_2_20190917200250828.jpg
1,D:\Visible_Data\3.SplitTrainVal\Val\1\235487820382_1_2019090520071638.jpg
1,D:\Visible_Data\3.SplitTrainVal\Val\1\235489550330_6_2019112808334119.jpg
1,D:\Visible_Data\3.SplitTrainVal\Val\1\235566760726_9_20191202120250086.jpg
1,D:\Visible_Data\3.SplitTrainVal\Val\1\249841760620_8_20191002163243447.jpg
1,D:\Visible_Data\3.SplitTrainVal\Val\1\249845360834_3_20190906095417003.jpg
1,D:\Visible_Data\3.SplitTrainVal\Val\1\253539000272_3_20191031181218738.jpg
1,D:\Visible_Data\3.SplitTrainVal\Val\1\255101300361_10_20190907131242261.jpg
1,D:\Visible_Data\3.SplitTrainVal\Val\1\350061003334_9_20190903192732746.jpg
1,D:\Visible_Data\3.SplitTrainVal\Val\1\380002041116_8_20190906181820791.jpg
1,D:\Visible_Data\3.SplitTrainVal\Val\1\380020045097_8_20190910151049748.jpg
1,D:\Visible_Data\3.SplitTrainVal\Val\1\383895202230_10_20191202171326083.jpg
1,D:\Visible_Data\3.SplitTrainVal\Val\1\385010424883_10_20191209093907593.jpg
1,D:\Visible_Data\3.SplitTrainVal\Val\1\400041585660_4_20191130155230385.jpg
1,D:\Visible_Data\3.SplitTrainVal\Val\1\400041585660_5_20191209134935245.jpg
1,D:\Visible_Data\3.SplitTrainVal\Val\1\400168670306_4_20190906202838832.jpg
1,D:\Visible_Data\3.SplitTrainVal\Val\1\400799302159_7_20190917170347393.jpg
1,D:\Visible_Data\3.SplitTrainVal\Val\1\400840055302_8_20190904184250726.jpg
1,D:\Visible_Data\3.SplitTrainVal\Val\1\401450051462_9_20191122191642208.jpg
1,D:\Visible_Data\3.SplitTrainVal\Val\1\460081941508_10_20190921164218148.jpg
1,D:\Visible_Data\3.SplitTrainVal\Val\1\460424800266_10_20191106120347106.jpg
1,D:\Visible_Data\3.SplitTrainVal\Val\1\460549600763_10_20190915151644886.jpg
1,D:\Visible_Data\3.SplitTrainVal\Val\1\460549600763_5_20191116130938638.jpg
1,D:\Visible_Data\3.SplitTrainVal\Val\1\4613747_2_20190902122810272.jpg
1,D:\Visible_Data\3.SplitTrainVal\Val\1\4621794_9_20191112100606328.jpg
1,D:\Visible_Data\3.SplitTrainVal\Val\1\468003691087_9_20191123150934555.jpg
1,D:\Visible_Data\3.SplitTrainVal\Val\1\469047104154_9_20190907131214049.jpg
1,D:\Visible_Data\3.SplitTrainVal\Val\1\474005609100_10_20191106112250742.jpg
1,D:\Visible_Data\3.SplitTrainVal\Val\1\474022301601_7_20191105072815767.jpg
1,D:\Visible_Data\3.SplitTrainVal\Val\1\475002005131_4_20191205191551354.jpg
1,D:\Visible_Data\3.SplitTrainVal\Val\1\475002410146_1_20190922110750378.jpg
1,D:\Visible_Data\3.SplitTrainVal\Val\1\475004200120_9_20190901200652687.jpg
1,D:\Visible_Data\3.SplitTrainVal\Val\1\475004230448_9_20190917172438161.jpg
1,D:\Visible_Data\3.SplitTrainVal\Val\1\475004230485_9_20191108180751343.jpg
1,D:\Visible_Data\3.SplitTrainVal\Val\1\475004230501_9_20190920134016242.jpg
1,D:\Visible_Data\3.SplitTrainVal\Val\1\475005034140_1_20190901102730698.jpg
1,D:\Visible_Data\3.SplitTrainVal\Val\1\475100866131_3_20190903205104815.jpg
1,D:\Visible_Data\3.SplitTrainVal\Val\1\475203800101_10_20191001171825423.jpg
1,D:\Visible_Data\3.SplitTrainVal\Val\1\475205200370_4_20191124171833022.jpg
1,D:\Visible_Data\3.SplitTrainVal\Val\1\477003322435_6_20190921165229174.jpg
1,D:\Visible_Data\3.SplitTrainVal\Val\1\477003322435_8_20190905104525968.jpg
1,D:\Visible_Data\3.SplitTrainVal\Val\1\477003322748_10_2019090511263963.jpg
1,D:\Visible_Data\3.SplitTrainVal\Val\1\477005322174_10_20190921114815189.jpg
1,D:\Visible_Data\3.SplitTrainVal\Val\1\477006322838_10_20190906104754868.jpg
1,D:\Visible_Data\3.SplitTrainVal\Val\1\477006819669_10_20191103141921432.jpg
1,D:\Visible_Data\3.SplitTrainVal\Val\1\477006819896_10_20190905113329821.jpg
1,D:\Visible_Data\3.SplitTrainVal\Val\1\477007417110_10_20190918133241833.jpg
1,D:\Visible_Data\3.SplitTrainVal\Val\1\477007544792_4_20190906190612034.jpg
1,D:\Visible_Data\3.SplitTrainVal\Val\1\477008116542_7_20190919143902369.jpg
1,D:\Visible_Data\3.SplitTrainVal\Val\1\477011920208_8_20190918105535906.jpg
1,D:\Visible_Data\3.SplitTrainVal\Val\1\477011920403_3_20190930191535522.jpg
1,D:\Visible_Data\3.SplitTrainVal\Val\1\477011920403_7_20190906195439909.jpg
1,D:\Visible_Data\3.SplitTrainVal\Val\1\477011920406_8_20191008172109558.jpg
1,D:\Visible_Data\3.SplitTrainVal\Val\1\477011920433_10_20190903152330248.jpg
1,D:\Visible_Data\3.SplitTrainVal\Val\1\477011920448_10_20190902111619351.jpg
1,D:\Visible_Data\3.SplitTrainVal\Val\1\477011920448_2_20190907112501968.jpg
1,D:\Visible_Data\3.SplitTrainVal\Val\1\477011920448_4_20190907112457688.jpg
1,D:\Visible_Data\3.SplitTrainVal\Val\1\477011920448_8_20190907092336413.jpg
1,D:\Visible_Data\3.SplitTrainVal\Val\1\477011920490_6_20191206092651419.jpg
1,D:\Visible_Data\3.SplitTrainVal\Val\1\477011920490_9_20191209154858465.jpg
1,D:\Visible_Data\3.SplitTrainVal\Val\1\477011920583_8_20190902193415365.jpg
1,D:\Visible_Data\3.SplitTrainVal\Val\1\477011920599_2_20191103114052619.jpg
1,D:\Visible_Data\3.SplitTrainVal\Val\1\477011920663_9_20190901144947793.jpg
1,D:\Visible_Data\3.SplitTrainVal\Val\1\477011920672_8_20190903084710339.jpg
1,D:\Visible_Data\3.SplitTrainVal\Val\1\477011920737_3_20191115152450343.jpg
1,D:\Visible_Data\3.SplitTrainVal\Val\1\477011920778_7_20191117105353919.jpg
1,D:\Visible_Data\3.SplitTrainVal\Val\1\477011920812_2_20190923180859383.jpg
1,D:\Visible_Data\3.SplitTrainVal\Val\1\477011920827_10_20190902150045609.jpg
1,D:\Visible_Data\3.SplitTrainVal\Val\1\477011920828_8_20190902120842407.jpg
1,D:\Visible_Data\3.SplitTrainVal\Val\1\477011920829_3_20190901152921362.jpg
1,D:\Visible_Data\3.SplitTrainVal\Val\1\477011920840_10_20190907123040965.jpg
1,D:\Visible_Data\3.SplitTrainVal\Val\1\477011920849_4_20190922151340346.jpg
1,D:\Visible_Data\3.SplitTrainVal\Val\1\477011920882_10_2019090517205446.jpg
1,D:\Visible_Data\3.SplitTrainVal\Val\1\477011920882_5_2019100214455926.jpg
1,D:\Visible_Data\3.SplitTrainVal\Val\1\477011920887_10_20190903133038475.jpg
1,D:\Visible_Data\3.SplitTrainVal\Val\1\477011920887_10_20190907135237423.jpg
1,D:\Visible_Data\3.SplitTrainVal\Val\1\477011920920_7_20191124134652014.jpg
1,D:\Visible_Data\3.SplitTrainVal\Val\1\477011920922_4_20190910142421075.jpg
1,D:\Visible_Data\3.SplitTrainVal\Val\1\477011921029_4_2019090409014823.jpg
1,D:\Visible_Data\3.SplitTrainVal\Val\1\477011921029_6_2019091709474646.jpg
1,D:\Visible_Data\3.SplitTrainVal\Val\1\477011921378_7_20190918073113969.jpg
1,D:\Visible_Data\3.SplitTrainVal\Val\1\477011921379_1_201912051031293.jpg
1,D:\Visible_Data\3.SplitTrainVal\Val\1\477011921379_3_20191008124241409.jpg
1,D:\Visible_Data\3.SplitTrainVal\Val\1\477011934026_3_20191008102337832.jpg
1,D:\Visible_Data\3.SplitTrainVal\Val\1\477012317108_9_20191124114132337.jpg
1,D:\Visible_Data\3.SplitTrainVal\Val\1\477013915248_10_20191008123332913.jpg
1,D:\Visible_Data\3.SplitTrainVal\Val\1\477014920853_7_20190906182926151.jpg
1,D:\Visible_Data\3.SplitTrainVal\Val\1\477014920855_8_20190906142819667.jpg
1,D:\Visible_Data\3.SplitTrainVal\Val\1\477014921029_4_20191125181929861.jpg
1,D:\Visible_Data\3.SplitTrainVal\Val\1\477016319046_9_20191102171555153.jpg
1,D:\Visible_Data\3.SplitTrainVal\Val\1\477016319917_2_20190905084351921.jpg
1,D:\Visible_Data\3.SplitTrainVal\Val\1\477016319959_3_20190921194531108.jpg
1,D:\Visible_Data\3.SplitTrainVal\Val\1\477016319959_7_20190916170350273.jpg
1,D:\Visible_Data\3.SplitTrainVal\Val\1\477016319959_8_20191115180536033.jpg
1,D:\Visible_Data\3.SplitTrainVal\Val\1\477016621952_2_20190904115049251.jpg
1,D:\Visible_Data\3.SplitTrainVal\Val\1\477016621958_9_20190903194316276.jpg
1,D:\Visible_Data\3.SplitTrainVal\Val\1\477016622003_8_2019090520245752.jpg
1,D:\Visible_Data\3.SplitTrainVal\Val\1\477016704595_3_20190905190133789.jpg
1,D:\Visible_Data\3.SplitTrainVal\Val\1\477017910471_10_20191203141026605.jpg
1,D:\Visible_Data\3.SplitTrainVal\Val\1\477017912520_10_20190902120757431.jpg
1,D:\Visible_Data\3.SplitTrainVal\Val\1\477019003611_10_20190907111415785.jpg
1,D:\Visible_Data\3.SplitTrainVal\Val\1\477019009291_5_20190906195515488.jpg
1,D:\Visible_Data\3.SplitTrainVal\Val\1\477020704284_9_20190908091152276.jpg
1,D:\Visible_Data\3.SplitTrainVal\Val\1\477020704868_9_20190902095325507.jpg
1,D:\Visible_Data\3.SplitTrainVal\Val\1\477022104215_9_20190907125405638.jpg
1,D:\Visible_Data\3.SplitTrainVal\Val\1\477022136021_9_20190903191517163.jpg
1,D:\Visible_Data\3.SplitTrainVal\Val\1\477022136022_8_20190909121113636.jpg
1,D:\Visible_Data\3.SplitTrainVal\Val\1\477023704310_9_20191112105845566.jpg
1,D:\Visible_Data\3.SplitTrainVal\Val\1\477023704329_8_20190922112056951.jpg
1,D:\Visible_Data\3.SplitTrainVal\Val\1\477023704602_7_20190926194625668.jpg
1,D:\Visible_Data\3.SplitTrainVal\Val\1\477023705335_7_20190906183517469.jpg
1,D:\Visible_Data\3.SplitTrainVal\Val\1\477023705388_10_20190907195839508.jpg
1,D:\Visible_Data\3.SplitTrainVal\Val\1\477023705501_8_20190905091851436.jpg
1,D:\Visible_Data\3.SplitTrainVal\Val\1\477024504142_6_20190902151819781.jpg
1,D:\Visible_Data\3.SplitTrainVal\Val\1\477024504438_6_20191116124246098.jpg
1,D:\Visible_Data\3.SplitTrainVal\Val\1\477024504650_8_20190903144258139.jpg
1,D:\Visible_Data\3.SplitTrainVal\Val\1\477026504131_6_20190906125101529.jpg
1,D:\Visible_Data\3.SplitTrainVal\Val\1\477026521208_8_20191108192515647.jpg
1,D:\Visible_Data\3.SplitTrainVal\Val\1\477026521419_10_20191113075020938.jpg
1,D:\Visible_Data\3.SplitTrainVal\Val\1\477026521530_5_2019090317572125.jpg
1,D:\Visible_Data\3.SplitTrainVal\Val\1\477026521530_7_20190904175332734.jpg
1,D:\Visible_Data\3.SplitTrainVal\Val\1\477026521566_4_20190904201233433.jpg
1,D:\Visible_Data\3.SplitTrainVal\Val\1\477026904101_6_20191106152654.jpg
1,D:\Visible_Data\3.SplitTrainVal\Val\1\477027504142_2_20190921164437133.jpg
1,D:\Visible_Data\3.SplitTrainVal\Val\1\477029904119_7_20191129172423821.jpg
1,D:\Visible_Data\3.SplitTrainVal\Val\1\477029904203_5_20190918125206407.jpg
1,D:\Visible_Data\3.SplitTrainVal\Val\1\477029904208_2_20190907101948573.jpg
1,D:\Visible_Data\3.SplitTrainVal\Val\1\477029904675_6_20191123095425209.jpg
1,D:\Visible_Data\3.SplitTrainVal\Val\1\477029904675_9_20191114193001657.jpg
1,D:\Visible_Data\3.SplitTrainVal\Val\1\477029904718_5_20190930150351568.jpg
1,D:\Visible_Data\3.SplitTrainVal\Val\1\477029904746_8_20190907133829344.jpg
1,D:\Visible_Data\3.SplitTrainVal\Val\1\477029939141_9_20190905185429765.jpg
1,D:\Visible_Data\3.SplitTrainVal\Val\1\477029939276_8_20190903200234688.jpg
1,D:\Visible_Data\3.SplitTrainVal\Val\1\477030122765_9_20191129193114642.jpg
1,D:\Visible_Data\3.SplitTrainVal\Val\1\477030122915_5_2019100814570057.jpg
1,D:\Visible_Data\3.SplitTrainVal\Val\1\477030123015_6_20191102192438045.jpg
1,D:\Visible_Data\3.SplitTrainVal\Val\1\477030123234_7_2019092112544582.jpg
1,D:\Visible_Data\3.SplitTrainVal\Val\1\477030123318_8_2019090517132282.jpg
1,D:\Visible_Data\3.SplitTrainVal\Val\1\477030820049_5_20190906102938121.jpg
1,D:\Visible_Data\3.SplitTrainVal\Val\1\477035014120_10_20191205132053377.jpg
1,D:\Visible_Data\3.SplitTrainVal\Val\1\477035014150_6_20191208133924178.jpg
1,D:\Visible_Data\3.SplitTrainVal\Val\1\477035110107_2_20190916165939505.jpg
1,D:\Visible_Data\3.SplitTrainVal\Val\1\477039522848_10_20190918121339135.jpg
1,D:\Visible_Data\3.SplitTrainVal\Val\1\477040522702_9_20191114163711338.jpg
1,D:\Visible_Data\3.SplitTrainVal\Val\1\477040522703_10_20190906134809761.jpg
1,D:\Visible_Data\3.SplitTrainVal\Val\1\477040522726_10_20190930102034581.jpg
1,D:\Visible_Data\3.SplitTrainVal\Val\1\477043200701_4_20190904170410113.jpg
1,D:\Visible_Data\3.SplitTrainVal\Val\1\477047104669_5_20190930080200662.jpg
1,D:\Visible_Data\3.SplitTrainVal\Val\1\477047722777_7_20190915103537406.jpg
1,D:\Visible_Data\3.SplitTrainVal\Val\1\477047722780_10_20190906174824319.jpg
1,D:\Visible_Data\3.SplitTrainVal\Val\1\477047722811_8_20190921112706829.jpg
1,D:\Visible_Data\3.SplitTrainVal\Val\1\477047722890_9_20191115161040334.jpg
1,D:\Visible_Data\3.SplitTrainVal\Val\1\477047722957_10_20191004161112252.jpg
1,D:\Visible_Data\3.SplitTrainVal\Val\1\477047722958_10_20190910174024183.jpg
1,D:\Visible_Data\3.SplitTrainVal\Val\1\477047722958_5_20190918192608737.jpg
1,D:\Visible_Data\3.SplitTrainVal\Val\1\477047722997_8_20190905195530047.jpg
1,D:\Visible_Data\3.SplitTrainVal\Val\1\477049534452_10_20190907131234053.jpg
1,D:\Visible_Data\3.SplitTrainVal\Val\1\477049535001_8_20191124173419505.jpg
1,D:\Visible_Data\3.SplitTrainVal\Val\1\477051311730_6_2019090415324782.jpg
1,D:\Visible_Data\3.SplitTrainVal\Val\1\477056959123_5_201909011136155.jpg
1,D:\Visible_Data\3.SplitTrainVal\Val\1\477057721366_10_20190904153223927.jpg
1,D:\Visible_Data\3.SplitTrainVal\Val\1\477058320914_10_20190903130300576.jpg
1,D:\Visible_Data\3.SplitTrainVal\Val\1\477058321810_10_2019091815040608.jpg
1,D:\Visible_Data\3.SplitTrainVal\Val\1\477058322067_3_20190925183958961.jpg
1,D:\Visible_Data\3.SplitTrainVal\Val\1\477060823909_6_20191211104519712.jpg
1,D:\Visible_Data\3.SplitTrainVal\Val\1\477060916293_8_20190916193714418.jpg
1,D:\Visible_Data\3.SplitTrainVal\Val\1\477063519825_9_20190905085008083.jpg
1,D:\Visible_Data\3.SplitTrainVal\Val\1\477067722733_10_20190920190103694.jpg
1,D:\Visible_Data\3.SplitTrainVal\Val\1\477069719515_9_2019112416115698.jpg
1,D:\Visible_Data\3.SplitTrainVal\Val\1\477069719812_1_20191003180857926.jpg
1,D:\Visible_Data\3.SplitTrainVal\Val\1\477077700015_9_20190902160540513.jpg
1,D:\Visible_Data\3.SplitTrainVal\Val\1\477077719401_8_20190923171912886.jpg
1,D:\Visible_Data\3.SplitTrainVal\Val\1\47709034_9_20190906100944244.jpg
1,D:\Visible_Data\3.SplitTrainVal\Val\1\477098500028_9_20191031164240851.jpg
1,D:\Visible_Data\3.SplitTrainVal\Val\1\477108520301_10_2019090714404171.jpg
1,D:\Visible_Data\3.SplitTrainVal\Val\1\477108520301_3_20190903112831408.jpg
1,D:\Visible_Data\3.SplitTrainVal\Val\1\477117321097_1_20190903210726768.jpg
1,D:\Visible_Data\3.SplitTrainVal\Val\1\477118316172_4_20190909112234449.jpg
1,D:\Visible_Data\3.SplitTrainVal\Val\1\477118316229_8_20190904152731575.jpg
1,D:\Visible_Data\3.SplitTrainVal\Val\1\477133804701_10_20190903142206353.jpg
1,D:\Visible_Data\3.SplitTrainVal\Val\1\477163208533_7_20191002175904521.jpg
1,D:\Visible_Data\3.SplitTrainVal\Val\1\477163231231_7_20190901101225989.jpg
1,D:\Visible_Data\3.SplitTrainVal\Val\1\4774639_9_20191008184542681.jpg
1,D:\Visible_Data\3.SplitTrainVal\Val\1\477902020192_7_20190905195532518.jpg
1,D:\Visible_Data\3.SplitTrainVal\Val\1\477902031054_8_20190908175831959.jpg
1,D:\Visible_Data\3.SplitTrainVal\Val\1\477902289164_8_20190902105509679.jpg
1,D:\Visible_Data\3.SplitTrainVal\Val\1\477902397168_10_20190910154726851.jpg
1,D:\Visible_Data\3.SplitTrainVal\Val\1\477902479291_10_20190916192644978.jpg
1,D:\Visible_Data\3.SplitTrainVal\Val\1\477902479291_6_20191209141946768.jpg
1,D:\Visible_Data\3.SplitTrainVal\Val\1\477902479293_10_20191204170514621.jpg
1,D:\Visible_Data\3.SplitTrainVal\Val\1\477902806100_7_20191111184025024.jpg
1,D:\Visible_Data\3.SplitTrainVal\Val\1\477902834017_8_20190905112000917.jpg
1,D:\Visible_Data\3.SplitTrainVal\Val\1\477903018036_6_20190906161250155.jpg
1,D:\Visible_Data\3.SplitTrainVal\Val\1\477903018046_9_20190917164341395.jpg
1,D:\Visible_Data\3.SplitTrainVal\Val\1\477903127392_10_20191202105622387.jpg
1,D:\Visible_Data\3.SplitTrainVal\Val\1\477903127525_4_2019093012204187.jpg
1,D:\Visible_Data\3.SplitTrainVal\Val\1\477903127697_9_20190903205124148.jpg
1,D:\Visible_Data\3.SplitTrainVal\Val\1\477903161168_3_20190906142225559.jpg
1,D:\Visible_Data\3.SplitTrainVal\Val\1\477903197018_9_20190906195522725.jpg
1,D:\Visible_Data\3.SplitTrainVal\Val\1\477903312134_9_2019092117332014.jpg
1,D:\Visible_Data\3.SplitTrainVal\Val\1\477903320123_8_20191123113234119.jpg
1,D:\Visible_Data\3.SplitTrainVal\Val\1\477903905011_1_20190915132821375.jpg
1,D:\Visible_Data\3.SplitTrainVal\Val\1\477904022147_9_20190926113759569.jpg
1,D:\Visible_Data\3.SplitTrainVal\Val\1\477904060035_4_20190909173821755.jpg
1,D:\Visible_Data\3.SplitTrainVal\Val\1\477904222017_2_20190903195937887.jpg
1,D:\Visible_Data\3.SplitTrainVal\Val\1\479225293680_8_20191211135216317.jpg
1,D:\Visible_Data\3.SplitTrainVal\Val\1\481013600449_2_20191112193914478.jpg
1,D:\Visible_Data\3.SplitTrainVal\Val\1\481015500193_4_20190901095329323.jpg
1,D:\Visible_Data\3.SplitTrainVal\Val\1\481015500193_4_20190929095145477.jpg
1,D:\Visible_Data\3.SplitTrainVal\Val\1\482000230390_8_2019112615072115.jpg
1,D:\Visible_Data\3.SplitTrainVal\Val\1\482000230547_7_2019090314170738.jpg
1,D:\Visible_Data\3.SplitTrainVal\Val\1\482000647011_10_20190903154721246.jpg
1,D:\Visible_Data\3.SplitTrainVal\Val\1\482007857608_4_20190906124233732.jpg
1,D:\Visible_Data\3.SplitTrainVal\Val\1\482009500010_8_201911221643134.jpg
1,D:\Visible_Data\3.SplitTrainVal\Val\1\482009500010_9_20191115150311164.jpg
1,D:\Visible_Data\3.SplitTrainVal\Val\1\482009500016_8_2019090617534406.jpg
1,D:\Visible_Data\3.SplitTrainVal\Val\1\482013494091_6_20190922092939192.jpg
1,D:\Visible_Data\3.SplitTrainVal\Val\1\482013494092_9_20190928111919436.jpg
1,D:\Visible_Data\3.SplitTrainVal\Val\1\482017925177_2_20191123133518194.jpg
1,D:\Visible_Data\3.SplitTrainVal\Val\1\482017925179_4_20191003124001527.jpg
1,D:\Visible_Data\3.SplitTrainVal\Val\1\482307163850_10_20190907145616593.jpg
1,D:\Visible_Data\3.SplitTrainVal\Val\1\486001900209_7_20190930164833315.jpg
1,D:\Visible_Data\3.SplitTrainVal\Val\1\500015949285_1_20191003201000592.jpg
1,D:\Visible_Data\3.SplitTrainVal\Val\1\5017380_10_20190902125655375.jpg
1,D:\Visible_Data\3.SplitTrainVal\Val\1\506063912148_5_20191113155258921.jpg
1,D:\Visible_Data\3.SplitTrainVal\Val\1\520134715908_10_20191114090636781.jpg
1,D:\Visible_Data\3.SplitTrainVal\Val\1\520136052121_6_20191122180755216.jpg
1,D:\Visible_Data\3.SplitTrainVal\Val\1\520136052121_7_20191106095157224.jpg
1,D:\Visible_Data\3.SplitTrainVal\Val\1\520136052121_9_20191114141736077.jpg
1,D:\Visible_Data\3.SplitTrainVal\Val\1\520136052251_9_20190907200146206.jpg
1,D:\Visible_Data\3.SplitTrainVal\Val\1\590001200448_10_20190905153819246.jpg
1,D:\Visible_Data\3.SplitTrainVal\Val\1\590001200448_6_20190901181427403.jpg
1,D:\Visible_Data\3.SplitTrainVal\Val\1\590001200949_3_20190906171022949.jpg
1,D:\Visible_Data\3.SplitTrainVal\Val\1\590025906800_10_20190906190033383.jpg
1,D:\Visible_Data\3.SplitTrainVal\Val\1\590025909712_10_20191205145424176.jpg
1,D:\Visible_Data\3.SplitTrainVal\Val\1\590051230010_10_20190901111445686.jpg
1,D:\Visible_Data\3.SplitTrainVal\Val\1\590051230010_2_20191206162431413.jpg
1,D:\Visible_Data\3.SplitTrainVal\Val\1\590051230010_4_20190901111445686.jpg
1,D:\Visible_Data\3.SplitTrainVal\Val\1\590051230010_6_20190920164923687.jpg
1,D:\Visible_Data\3.SplitTrainVal\Val\1\590051230010_9_20191111154328147.jpg
1,D:\Visible_Data\3.SplitTrainVal\Val\1\590074961899_7_2019110611584418.jpg
1,D:\Visible_Data\3.SplitTrainVal\Val\1\590102890320_8_20190924113842306.jpg
1,D:\Visible_Data\3.SplitTrainVal\Val\1\590113500060_9_20191207113830406.jpg
1,D:\Visible_Data\3.SplitTrainVal\Val\1\590214500469_4_20191209173624492.jpg
1,D:\Visible_Data\3.SplitTrainVal\Val\1\5902903_8_2019092020151871.jpg
1,D:\Visible_Data\3.SplitTrainVal\Val\1\590302130033_9_20190921112658378.jpg
1,D:\Visible_Data\3.SplitTrainVal\Val\1\590319500711_9_20190920194338857.jpg
1,D:\Visible_Data\3.SplitTrainVal\Val\1\590319522010_6_20190906112347965.jpg
1,D:\Visible_Data\3.SplitTrainVal\Val\1\590319522080_4_20190904153111689.jpg
1,D:\Visible_Data\3.SplitTrainVal\Val\1\590414904108_9_20190903083200526.jpg
1,D:\Visible_Data\3.SplitTrainVal\Val\1\590503384980_7_20191031174101005.jpg
1,D:\Visible_Data\3.SplitTrainVal\Val\1\5905585_4_20191112142903704.jpg
1,D:\Visible_Data\3.SplitTrainVal\Val\1\5905585_9_20191104182522066.jpg
1,D:\Visible_Data\3.SplitTrainVal\Val\1\590570410220_4_2019090316163099.jpg
1,D:\Visible_Data\3.SplitTrainVal\Val\1\590570410233_4_20190901120641361.jpg
1,D:\Visible_Data\3.SplitTrainVal\Val\1\590673330213_7_20191031161854935.jpg
1,D:\Visible_Data\3.SplitTrainVal\Val\1\590702900293_10_2019092019554094.jpg
1,D:\Visible_Data\3.SplitTrainVal\Val\1\590754266666_8_20190902200040957.jpg
1,D:\Visible_Data\3.SplitTrainVal\Val\1\590754266670_5_2019090220001063.jpg
1,D:\Visible_Data\3.SplitTrainVal\Val\1\590754274622_8_20190917195614245.jpg
1,D:\Visible_Data\3.SplitTrainVal\Val\1\590826025052_8_2019110415051013.jpg
1,D:\Visible_Data\3.SplitTrainVal\Val\1\5994536_6_20191123121035352.jpg
1,D:\Visible_Data\3.SplitTrainVal\Val\1\642025601412_10_20190907181019725.jpg
1,D:\Visible_Data\3.SplitTrainVal\Val\1\643330080110_8_20190905114249327.jpg
1,D:\Visible_Data\3.SplitTrainVal\Val\1\692632030006_10_20190901171351486.jpg
1,D:\Visible_Data\3.SplitTrainVal\Val\1\693201039146_2_2019100813033264.jpg
1,D:\Visible_Data\3.SplitTrainVal\Val\1\761303531437_10_20191104165005468.jpg
1,D:\Visible_Data\3.SplitTrainVal\Val\1\761303531739_7_20190904155613252.jpg
1,D:\Visible_Data\3.SplitTrainVal\Val\1\761303546403_9_2019120916330499.jpg
1,D:\Visible_Data\3.SplitTrainVal\Val\1\761303700300_10_20190909130744384.jpg
1,D:\Visible_Data\3.SplitTrainVal\Val\1\762221019496_8_20190902092332028.jpg
1,D:\Visible_Data\3.SplitTrainVal\Val\1\762221033437_1_20190906163148993.jpg
1,D:\Visible_Data\3.SplitTrainVal\Val\1\800050002397_6_20191126202723264.jpg
1,D:\Visible_Data\3.SplitTrainVal\Val\1\800184104142_9_20190904120707622.jpg
1,D:\Visible_Data\3.SplitTrainVal\Val\1\800227000021_4_20191004132130809.jpg
1,D:\Visible_Data\3.SplitTrainVal\Val\1\800824500171_10_20190930194431386.jpg
1,D:\Visible_Data\3.SplitTrainVal\Val\1\805140301527_9_20190901122945943.jpg
1,D:\Visible_Data\3.SplitTrainVal\Val\1\8073779_1_20191108162400169.jpg
1,D:\Visible_Data\3.SplitTrainVal\Val\1\841002105102_8_20191118144607479.jpg
1,D:\Visible_Data\3.SplitTrainVal\Val\1\841002120102_9_20191207164909008.jpg
1,D:\Visible_Data\3.SplitTrainVal\Val\1\841097103418_8_20191115192428808.jpg
1,D:\Visible_Data\3.SplitTrainVal\Val\1\841214757016_10_20191126181458157.jpg
1,D:\Visible_Data\3.SplitTrainVal\Val\1\841214757016_2_2019112819092896.jpg
1,D:\Visible_Data\3.SplitTrainVal\Val\1\841241900109_10_20190907122010014.jpg
1,D:\Visible_Data\3.SplitTrainVal\Val\1\858500246960_9_20191129092743556.jpg
1,D:\Visible_Data\3.SplitTrainVal\Val\1\859401279178_1_20190906162631874.jpg
1,D:\Visible_Data\3.SplitTrainVal\Val\1\869862390057_5_20190904155658343.jpg
1,D:\Visible_Data\3.SplitTrainVal\Val\1\885874440172_9_201911171955217.jpg
1,D:\Visible_Data\3.SplitTrainVal\Val\1\890181019067_7_20190907195612966.jpg
1,D:\Visible_Data\3.SplitTrainVal\Val\1\899316340233_10_20190903202415672.jpg
1,D:\Visible_Data\3.SplitTrainVal\Val\1\912000899036_10_20190902132452781.jpg
1,D:\Visible_Data\3.SplitTrainVal\Val\1\9440400000493727_2_20191206162528123.jpg
1,D:\Visible_Data\3.SplitTrainVal\Val\1\9440500010175899_4_20191207151435494.jpg
1,D:\Visible_Data\3.SplitTrainVal\Val\1\9440500012437859_7_20191106133311359.jpg
1,D:\Visible_Data\3.SplitTrainVal\Val\1\9440500012440416_3_20191209204256606.jpg
1,D:\Visible_Data\3.SplitTrainVal\Val\1\977202991001_1_20190904143214002.jpg
1,D:\Visible_Data\3.SplitTrainVal\Val\1\977202991001_6_20190904143214002.jpg
1,D:\Visible_Data\3.SplitTrainVal\Val\1\989015190901171868346000070_2_20190901175113945.jpg
1,D:\Visible_Data\3.SplitTrainVal\Val\1\989015190903180968633000010_6_20190903192742845.jpg
1,D:\Visible_Data\3.SplitTrainVal\Val\1\989015190904081668668000010_4_20190904085454749.jpg
1,D:\Visible_Data\3.SplitTrainVal\Val\1\989015190905162968868000280_7_20190905171442597.jpg
1,D:\Visible_Data\3.SplitTrainVal\Val\1\989015190921155970977000030_10_20190921163405708.jpg
1,D:\Visible_Data\3.SplitTrainVal\Val\1\989015191001073472098000070_6_20191001080654036.jpg
1,D:\Visible_Data\3.SplitTrainVal\Val\1\989015191130090479058000260_4_20191130094123148.jpg
1,D:\Visible_Data\3.SplitTrainVal\Val\1\991810000000_1_20190904175432541.jpg
1,D:\Visible_Data\3.SplitTrainVal\Val\1\991850000000_9_20191113200657911.jpg
1,D:\Visible_Data\3.SplitTrainVal\Val\1\991867000000_6_20191108123515272.jpg
1,D:\Visible_Data\3.SplitTrainVal\Val\1\991875000000_7_20191112181046063.jpg
1,D:\Visible_Data\3.SplitTrainVal\Val\1\991882200000_4_20191001124201736.jpg
1,D:\Visible_Data\3.SplitTrainVal\Val\1\992200200000_10_20190922112850444.jpg
1,D:\Visible_Data\3.SplitTrainVal\Val\1\994210600271_10_20191108122946306.jpg
1,D:\Visible_Data\3.SplitTrainVal\Val\1\995269900000_9_20191001154927884.jpg
2,D:\Visible_Data\3.SplitTrainVal\Val\2\00001127399_1_20190902155113841.jpg
2,D:\Visible_Data\3.SplitTrainVal\Val\2\00001134012_2_20191102143110661.jpg
2,D:\Visible_Data\3.SplitTrainVal\Val\2\00001134012_4_20190916124458339.jpg
2,D:\Visible_Data\3.SplitTrainVal\Val\2\00001134012_5_20191113163342037.jpg
2,D:\Visible_Data\3.SplitTrainVal\Val\2\00001134012_6_20190906123555219.jpg
2,D:\Visible_Data\3.SplitTrainVal\Val\2\00001134012_9_20191031173212179.jpg
2,D:\Visible_Data\3.SplitTrainVal\Val\2\00001136125_10_20190907133401865.jpg
2,D:\Visible_Data\3.SplitTrainVal\Val\2\00001136125_2_20190901142859739.jpg
2,D:\Visible_Data\3.SplitTrainVal\Val\2\00001136125_4_20190918174111018.jpg
2,D:\Visible_Data\3.SplitTrainVal\Val\2\00001136125_4_20191124142514422.jpg
2,D:\Visible_Data\3.SplitTrainVal\Val\2\00001136125_5_20190917203037102.jpg
2,D:\Visible_Data\3.SplitTrainVal\Val\2\00001136125_5_20191112184654624.jpg
2,D:\Visible_Data\3.SplitTrainVal\Val\2\00001146738_2_20190906185523971.jpg
2,D:\Visible_Data\3.SplitTrainVal\Val\2\00001149680_10_20190920174932952.jpg
2,D:\Visible_Data\3.SplitTrainVal\Val\2\00001151392_2_20190915135018921.jpg
2,D:\Visible_Data\3.SplitTrainVal\Val\2\00001154365_9_20190901192649598.jpg
2,D:\Visible_Data\3.SplitTrainVal\Val\2\00001154376_1_20190906151748725.jpg
2,D:\Visible_Data\3.SplitTrainVal\Val\2\00001157015_1_20191210180515393.jpg
2,D:\Visible_Data\3.SplitTrainVal\Val\2\00001157015_4_20191127142836385.jpg
2,D:\Visible_Data\3.SplitTrainVal\Val\2\00001159410_5_20191130173337574.jpg
2,D:\Visible_Data\3.SplitTrainVal\Val\2\01099223070038479704_2_20191210183907965.jpg
2,D:\Visible_Data\3.SplitTrainVal\Val\2\01099225890041059707_5_20190910145601928.jpg
2,D:\Visible_Data\3.SplitTrainVal\Val\2\01099312580009669708_4_20190909161314005.jpg
2,D:\Visible_Data\3.SplitTrainVal\Val\2\01099424490027069707_1_20190916191621582.jpg
2,D:\Visible_Data\3.SplitTrainVal\Val\2\01099521950016019707_8_20191206193349985.jpg
2,D:\Visible_Data\3.SplitTrainVal\Val\2\01099522440017679713_5_20191103113940869.jpg
2,D:\Visible_Data\3.SplitTrainVal\Val\2\01099523540031879707_2_20191002185554729.jpg
2,D:\Visible_Data\3.SplitTrainVal\Val\2\01099523670020099704_7_20190929134135348.jpg
2,D:\Visible_Data\3.SplitTrainVal\Val\2\01099523670051479704_3_20191031162205191.jpg
2,D:\Visible_Data\3.SplitTrainVal\Val\2\01099525580014609713_5_20190918095941376.jpg
2,D:\Visible_Data\3.SplitTrainVal\Val\2\01099526270400009713_10_20190918142143068.jpg
2,D:\Visible_Data\3.SplitTrainVal\Val\2\01099528000017679704_6_20190903130033868.jpg
2,D:\Visible_Data\3.SplitTrainVal\Val\2\01099611740037899706_4_20191008095112691.jpg
2,D:\Visible_Data\3.SplitTrainVal\Val\2\01099611860029099701_6_20190904103011889.jpg
2,D:\Visible_Data\3.SplitTrainVal\Val\2\01099611860032279707_1_20190906184014015.jpg
2,D:\Visible_Data\3.SplitTrainVal\Val\2\01099611860035249701_3_20190904130057872.jpg
2,D:\Visible_Data\3.SplitTrainVal\Val\2\01099621900043099708_7_20191002141523045.jpg
2,D:\Visible_Data\3.SplitTrainVal\Val\2\235489550412_3_20190906132859416.jpg
2,D:\Visible_Data\3.SplitTrainVal\Val\2\235516240965_6_20191008165209433.jpg
2,D:\Visible_Data\3.SplitTrainVal\Val\2\235666610663_2_20190905161135457.jpg
2,D:\Visible_Data\3.SplitTrainVal\Val\2\249841500484_8_20191008095143824.jpg
2,D:\Visible_Data\3.SplitTrainVal\Val\2\305994301651_10_20190929165557245.jpg
2,D:\Visible_Data\3.SplitTrainVal\Val\2\308368106880_10_20191003111134917.jpg
2,D:\Visible_Data\3.SplitTrainVal\Val\2\326285003796_9_20190921194442566.jpg
2,D:\Visible_Data\3.SplitTrainVal\Val\2\350061004703_8_20191104102053274.jpg
2,D:\Visible_Data\3.SplitTrainVal\Val\2\380002042357_3_20191129112324043.jpg
2,D:\Visible_Data\3.SplitTrainVal\Val\2\380020045069_6_20190923074329921.jpg
2,D:\Visible_Data\3.SplitTrainVal\Val\2\380021330853_9_20190917101502801.jpg
2,D:\Visible_Data\3.SplitTrainVal\Val\2\383897551110_1_20190918141456207.jpg
2,D:\Visible_Data\3.SplitTrainVal\Val\2\400060785100_3_20191108195959104.jpg
2,D:\Visible_Data\3.SplitTrainVal\Val\2\400327362890_6_20190903185948949.jpg
2,D:\Visible_Data\3.SplitTrainVal\Val\2\400327367952_5_20191207151640152.jpg
2,D:\Visible_Data\3.SplitTrainVal\Val\2\400658101730_6_20190901202427997.jpg
2,D:\Visible_Data\3.SplitTrainVal\Val\2\400816710371_6_20190920091503238.jpg
2,D:\Visible_Data\3.SplitTrainVal\Val\2\4009958_2_20191202074941819.jpg
2,D:\Visible_Data\3.SplitTrainVal\Val\2\4014538_10_20190905094605531.jpg
2,D:\Visible_Data\3.SplitTrainVal\Val\2\405320101900_4_20190905185012736.jpg
2,D:\Visible_Data\3.SplitTrainVal\Val\2\460081941447_3_20190904090508186.jpg
2,D:\Visible_Data\3.SplitTrainVal\Val\2\460244100006_10_20190903211627546.jpg
2,D:\Visible_Data\3.SplitTrainVal\Val\2\460705115068_5_2019112616510086.jpg
2,D:\Visible_Data\3.SplitTrainVal\Val\2\460705115134_2_20190906135855935.jpg
2,D:\Visible_Data\3.SplitTrainVal\Val\2\4613747_5_20190921180631244.jpg
2,D:\Visible_Data\3.SplitTrainVal\Val\2\471000751037_7_20191130192339921.jpg
2,D:\Visible_Data\3.SplitTrainVal\Val\2\474012553521_8_20191128115032465.jpg
2,D:\Visible_Data\3.SplitTrainVal\Val\2\474018801887_10_20190901114254173.jpg
2,D:\Visible_Data\3.SplitTrainVal\Val\2\474018801887_1_20190902193233115.jpg
2,D:\Visible_Data\3.SplitTrainVal\Val\2\475002400103_3_20191205191837797.jpg
2,D:\Visible_Data\3.SplitTrainVal\Val\2\475002410146_1_20190926180114423.jpg
2,D:\Visible_Data\3.SplitTrainVal\Val\2\475004200091_1_20190919200157143.jpg
2,D:\Visible_Data\3.SplitTrainVal\Val\2\475004200091_5_20190920145258144.jpg
2,D:\Visible_Data\3.SplitTrainVal\Val\2\475004230055_10_20190906194325143.jpg
2,D:\Visible_Data\3.SplitTrainVal\Val\2\475004230484_7_20190905181812736.jpg
2,D:\Visible_Data\3.SplitTrainVal\Val\2\475004230594_6_20190903144407087.jpg
2,D:\Visible_Data\3.SplitTrainVal\Val\2\475004280428_4_20190906152120155.jpg
2,D:\Visible_Data\3.SplitTrainVal\Val\2\475005034141_6_20191106195826996.jpg
2,D:\Visible_Data\3.SplitTrainVal\Val\2\475005034149_4_2019100320533257.jpg
2,D:\Visible_Data\3.SplitTrainVal\Val\2\475005034151_10_20190904115918324.jpg
2,D:\Visible_Data\3.SplitTrainVal\Val\2\475030000155_9_20191111155959005.jpg
2,D:\Visible_Data\3.SplitTrainVal\Val\2\475045610167_9_20190904151707475.jpg
2,D:\Visible_Data\3.SplitTrainVal\Val\2\475102676054_8_20190906093526011.jpg
2,D:\Visible_Data\3.SplitTrainVal\Val\2\475203800350_3_20190901204451208.jpg
2,D:\Visible_Data\3.SplitTrainVal\Val\2\477004908100_10_20190918192903733.jpg
2,D:\Visible_Data\3.SplitTrainVal\Val\2\477005323334_2_20190903173817311.jpg
2,D:\Visible_Data\3.SplitTrainVal\Val\2\477005323844_2_20191106143157086.jpg
2,D:\Visible_Data\3.SplitTrainVal\Val\2\477005323930_8_20191127160116713.jpg
2,D:\Visible_Data\3.SplitTrainVal\Val\2\477006323081_1_20191115115720533.jpg
2,D:\Visible_Data\3.SplitTrainVal\Val\2\477006819731_5_20190903163054523.jpg
2,D:\Visible_Data\3.SplitTrainVal\Val\2\477007544972_6_20191001122835111.jpg
2,D:\Visible_Data\3.SplitTrainVal\Val\2\477007819284_3_20190901163523336.jpg
2,D:\Visible_Data\3.SplitTrainVal\Val\2\477008217627_7_20191117094226577.jpg
2,D:\Visible_Data\3.SplitTrainVal\Val\2\477010724594_7_20190905191254006.jpg
2,D:\Visible_Data\3.SplitTrainVal\Val\2\477011920253_4_2019091714092359.jpg
2,D:\Visible_Data\3.SplitTrainVal\Val\2\477011920448_7_20190907112501968.jpg
2,D:\Visible_Data\3.SplitTrainVal\Val\2\477011920448_9_20190921105801485.jpg
2,D:\Visible_Data\3.SplitTrainVal\Val\2\477011920583_9_20191118151752564.jpg
2,D:\Visible_Data\3.SplitTrainVal\Val\2\477011920599_1_20191115142834814.jpg
2,D:\Visible_Data\3.SplitTrainVal\Val\2\477011920626_3_20190904115857451.jpg
2,D:\Visible_Data\3.SplitTrainVal\Val\2\477011920718_7_20190905094132173.jpg
2,D:\Visible_Data\3.SplitTrainVal\Val\2\477011920771_8_2019091711194891.jpg
2,D:\Visible_Data\3.SplitTrainVal\Val\2\477011920782_3_20190901134703196.jpg
2,D:\Visible_Data\3.SplitTrainVal\Val\2\477011920782_3_20190918202330114.jpg
2,D:\Visible_Data\3.SplitTrainVal\Val\2\477011920783_1_20190929120809146.jpg
2,D:\Visible_Data\3.SplitTrainVal\Val\2\477011920783_2_20190906155859795.jpg
2,D:\Visible_Data\3.SplitTrainVal\Val\2\477011920828_5_20190903095815615.jpg
2,D:\Visible_Data\3.SplitTrainVal\Val\2\477011920839_8_2019091510255361.jpg
2,D:\Visible_Data\3.SplitTrainVal\Val\2\477011921029_7_20191123090021785.jpg
2,D:\Visible_Data\3.SplitTrainVal\Val\2\477011921148_9_20190928121312186.jpg
2,D:\Visible_Data\3.SplitTrainVal\Val\2\477011921443_8_20190905125106623.jpg
2,D:\Visible_Data\3.SplitTrainVal\Val\2\477012318526_9_20190903151253872.jpg
2,D:\Visible_Data\3.SplitTrainVal\Val\2\477014920811_8_20191001093356833.jpg
2,D:\Visible_Data\3.SplitTrainVal\Val\2\477016319917_3_20191004161751412.jpg
2,D:\Visible_Data\3.SplitTrainVal\Val\2\477016319959_7_20190908144410536.jpg
2,D:\Visible_Data\3.SplitTrainVal\Val\2\477016319959_8_20191130135737273.jpg
2,D:\Visible_Data\3.SplitTrainVal\Val\2\477016320010_9_20190922201504624.jpg
2,D:\Visible_Data\3.SplitTrainVal\Val\2\477016383773_4_20190905210256375.jpg
2,D:\Visible_Data\3.SplitTrainVal\Val\2\477016621952_6_20191003141823639.jpg
2,D:\Visible_Data\3.SplitTrainVal\Val\2\477016621953_5_20190903175652404.jpg
2,D:\Visible_Data\3.SplitTrainVal\Val\2\477016621953_8_20190905141357439.jpg
2,D:\Visible_Data\3.SplitTrainVal\Val\2\477016621958_7_20191211134641389.jpg
2,D:\Visible_Data\3.SplitTrainVal\Val\2\477016621985_1_20190905202453367.jpg
2,D:\Visible_Data\3.SplitTrainVal\Val\2\477016622128_6_20190902122129517.jpg
2,D:\Visible_Data\3.SplitTrainVal\Val\2\477017381411_8_20191208154729366.jpg
2,D:\Visible_Data\3.SplitTrainVal\Val\2\477017504609_10_20190901181540918.jpg
2,D:\Visible_Data\3.SplitTrainVal\Val\2\477017504609_7_20191206182517963.jpg
2,D:\Visible_Data\3.SplitTrainVal\Val\2\477017504609_8_20191126110714805.jpg
2,D:\Visible_Data\3.SplitTrainVal\Val\2\477017504650_4_20191102151710848.jpg
2,D:\Visible_Data\3.SplitTrainVal\Val\2\477017912508_9_20191127193722786.jpg
2,D:\Visible_Data\3.SplitTrainVal\Val\2\477020704259_8_20190904093220981.jpg
2,D:\Visible_Data\3.SplitTrainVal\Val\2\477020704727_2_20190903103817696.jpg
2,D:\Visible_Data\3.SplitTrainVal\Val\2\477020904513_4_2019113012411009.jpg
2,D:\Visible_Data\3.SplitTrainVal\Val\2\477020904513_5_20191118091836405.jpg
2,D:\Visible_Data\3.SplitTrainVal\Val\2\477022136021_5_20190910171407029.jpg
2,D:\Visible_Data\3.SplitTrainVal\Val\2\477022136022_6_20190920121021307.jpg
2,D:\Visible_Data\3.SplitTrainVal\Val\2\477022136082_7_20190902134722668.jpg
2,D:\Visible_Data\3.SplitTrainVal\Val\2\477023704106_9_20190905143852095.jpg
2,D:\Visible_Data\3.SplitTrainVal\Val\2\477023704351_3_2019092617270187.jpg
2,D:\Visible_Data\3.SplitTrainVal\Val\2\477023705407_2_2019090117593812.jpg
2,D:\Visible_Data\3.SplitTrainVal\Val\2\477023705508_5_20190909174456138.jpg
2,D:\Visible_Data\3.SplitTrainVal\Val\2\477024504142_9_20190905200310329.jpg
2,D:\Visible_Data\3.SplitTrainVal\Val\2\477024515063_3_20191122190150031.jpg
2,D:\Visible_Data\3.SplitTrainVal\Val\2\477024834794_10_20190905082223004.jpg
2,D:\Visible_Data\3.SplitTrainVal\Val\2\477024834794_9_20191113114912295.jpg
2,D:\Visible_Data\3.SplitTrainVal\Val\2\477025020004_5_20190903100418595.jpg
2,D:\Visible_Data\3.SplitTrainVal\Val\2\477026504142_2_20190906084446894.jpg
2,D:\Visible_Data\3.SplitTrainVal\Val\2\477026504424_2_20191206095843968.jpg
2,D:\Visible_Data\3.SplitTrainVal\Val\2\477026504856_2_20190920181150315.jpg
2,D:\Visible_Data\3.SplitTrainVal\Val\2\477026521140_7_20190902120313307.jpg
2,D:\Visible_Data\3.SplitTrainVal\Val\2\477026521419_4_20190902162558723.jpg
2,D:\Visible_Data\3.SplitTrainVal\Val\2\477027448534_3_20190922105707675.jpg
2,D:\Visible_Data\3.SplitTrainVal\Val\2\477027504978_4_20190901161317653.jpg
2,D:\Visible_Data\3.SplitTrainVal\Val\2\477029904270_1_20190904091412718.jpg
2,D:\Visible_Data\3.SplitTrainVal\Val\2\477029904675_3_20190907111623244.jpg
2,D:\Visible_Data\3.SplitTrainVal\Val\2\477029904746_3_20191123155129367.jpg
2,D:\Visible_Data\3.SplitTrainVal\Val\2\477029904746_5_20190910164720936.jpg
2,D:\Visible_Data\3.SplitTrainVal\Val\2\477029939023_4_20190920194349445.jpg
2,D:\Visible_Data\3.SplitTrainVal\Val\2\477029939340_2_20190907160916319.jpg
2,D:\Visible_Data\3.SplitTrainVal\Val\2\477030122960_9_20191102112605712.jpg
2,D:\Visible_Data\3.SplitTrainVal\Val\2\477030123015_10_20191117132355264.jpg
2,D:\Visible_Data\3.SplitTrainVal\Val\2\477030123395_3_20190902093736982.jpg
2,D:\Visible_Data\3.SplitTrainVal\Val\2\477040522703_3_20191008162909276.jpg
2,D:\Visible_Data\3.SplitTrainVal\Val\2\477040522709_1_20190902195751602.jpg
2,D:\Visible_Data\3.SplitTrainVal\Val\2\477041209077_5_201909201654163.jpg
2,D:\Visible_Data\3.SplitTrainVal\Val\2\477041209131_6_20191109125713625.jpg
2,D:\Visible_Data\3.SplitTrainVal\Val\2\477047104669_6_20190903163607832.jpg
2,D:\Visible_Data\3.SplitTrainVal\Val\2\477047722683_1_20191115195001768.jpg
2,D:\Visible_Data\3.SplitTrainVal\Val\2\477047722777_3_20191204172253639.jpg
2,D:\Visible_Data\3.SplitTrainVal\Val\2\477047722997_1_20190929203710084.jpg
2,D:\Visible_Data\3.SplitTrainVal\Val\2\477056920140_7_20190904201244755.jpg
2,D:\Visible_Data\3.SplitTrainVal\Val\2\477056920510_8_20190916191609783.jpg
2,D:\Visible_Data\3.SplitTrainVal\Val\2\477056991373_5_20191004111245311.jpg
2,D:\Visible_Data\3.SplitTrainVal\Val\2\477056991468_8_20191209185108862.jpg
2,D:\Visible_Data\3.SplitTrainVal\Val\2\477057720137_4_20191004114052223.jpg
2,D:\Visible_Data\3.SplitTrainVal\Val\2\477058320141_9_20190920172504395.jpg
2,D:\Visible_Data\3.SplitTrainVal\Val\2\477058322067_2_20190930204926242.jpg
2,D:\Visible_Data\3.SplitTrainVal\Val\2\477059219125_9_20191103084611413.jpg
2,D:\Visible_Data\3.SplitTrainVal\Val\2\477059322159_4_20190923113610035.jpg
2,D:\Visible_Data\3.SplitTrainVal\Val\2\477059322159_6_20190902110914494.jpg
2,D:\Visible_Data\3.SplitTrainVal\Val\2\477060823909_1_2019090220374539.jpg
2,D:\Visible_Data\3.SplitTrainVal\Val\2\477060916515_5_2019091810082665.jpg
2,D:\Visible_Data\3.SplitTrainVal\Val\2\477060916515_6_20191105130609086.jpg
2,D:\Visible_Data\3.SplitTrainVal\Val\2\477069719744_7_20190905090243321.jpg
2,D:\Visible_Data\3.SplitTrainVal\Val\2\477069719766_3_20190902200321572.jpg
2,D:\Visible_Data\3.SplitTrainVal\Val\2\477069719799_1_20190930074942789.jpg
2,D:\Visible_Data\3.SplitTrainVal\Val\2\477077700015_3_20190904094247617.jpg
2,D:\Visible_Data\3.SplitTrainVal\Val\2\477087516491_4_20190906203046153.jpg
2,D:\Visible_Data\3.SplitTrainVal\Val\2\477095944339_4_20190902124445045.jpg
2,D:\Visible_Data\3.SplitTrainVal\Val\2\477108520309_2_20191124135843483.jpg
2,D:\Visible_Data\3.SplitTrainVal\Val\2\477120319157_2_20190904085347283.jpg
2,D:\Visible_Data\3.SplitTrainVal\Val\2\477120319157_4_20190905084701521.jpg
2,D:\Visible_Data\3.SplitTrainVal\Val\2\477120319347_1_20190901181547469.jpg
2,D:\Visible_Data\3.SplitTrainVal\Val\2\477122219241_9_20190904120835263.jpg
2,D:\Visible_Data\3.SplitTrainVal\Val\2\477131724155_8_20191101110220955.jpg
2,D:\Visible_Data\3.SplitTrainVal\Val\2\477131724220_2_20191031170137178.jpg
2,D:\Visible_Data\3.SplitTrainVal\Val\2\477133804701_2_20190929142838029.jpg
2,D:\Visible_Data\3.SplitTrainVal\Val\2\477133804703_9_20190906105949854.jpg
2,D:\Visible_Data\3.SplitTrainVal\Val\2\477901874406_7_20191002161829048.jpg
2,D:\Visible_Data\3.SplitTrainVal\Val\2\477902479195_2_20190903144446488.jpg
2,D:\Visible_Data\3.SplitTrainVal\Val\2\477902479292_3_20191204135149497.jpg
2,D:\Visible_Data\3.SplitTrainVal\Val\2\477902479312_2_20190903091342175.jpg
2,D:\Visible_Data\3.SplitTrainVal\Val\2\477902834013_6_20191207143236656.jpg
2,D:\Visible_Data\3.SplitTrainVal\Val\2\477903018038_3_20191128192846492.jpg
2,D:\Visible_Data\3.SplitTrainVal\Val\2\477903127525_5_20191203180939542.jpg
2,D:\Visible_Data\3.SplitTrainVal\Val\2\477903739019_1_20190907171243736.jpg
2,D:\Visible_Data\3.SplitTrainVal\Val\2\481041007381_5_20190902160710949.jpg
2,D:\Visible_Data\3.SplitTrainVal\Val\2\481098100059_6_20190906154456314.jpg
2,D:\Visible_Data\3.SplitTrainVal\Val\2\482000230390_8_20191113153043486.jpg
2,D:\Visible_Data\3.SplitTrainVal\Val\2\482000230393_2_20191113150908499.jpg
2,D:\Visible_Data\3.SplitTrainVal\Val\2\482000647135_6_20190902144345444.jpg
2,D:\Visible_Data\3.SplitTrainVal\Val\2\482004861793_4_20190903152831013.jpg
2,D:\Visible_Data\3.SplitTrainVal\Val\2\482004861795_6_20191106203906474.jpg
2,D:\Visible_Data\3.SplitTrainVal\Val\2\482006974080_5_20190925193652444.jpg
2,D:\Visible_Data\3.SplitTrainVal\Val\2\482006974080_8_20191008121753955.jpg
2,D:\Visible_Data\3.SplitTrainVal\Val\2\482307762558_1_20190906092750342.jpg
2,D:\Visible_Data\3.SplitTrainVal\Val\2\482309030148_9_20190917144510823.jpg
2,D:\Visible_Data\3.SplitTrainVal\Val\2\482309030152_1_20190925073338639.jpg
2,D:\Visible_Data\3.SplitTrainVal\Val\2\5017397_1_20190921154101992.jpg
2,D:\Visible_Data\3.SplitTrainVal\Val\2\520136052251_2_20190918074543207.jpg
2,D:\Visible_Data\3.SplitTrainVal\Val\2\590002001606_6_20191207124012784.jpg
2,D:\Visible_Data\3.SplitTrainVal\Val\2\590025909716_8_20191209162959021.jpg
2,D:\Visible_Data\3.SplitTrainVal\Val\2\590025909836_7_2019090718155098.jpg
2,D:\Visible_Data\3.SplitTrainVal\Val\2\590025909939_2_20190907213746095.jpg
2,D:\Visible_Data\3.SplitTrainVal\Val\2\590051230010_2_20190907121307148.jpg
2,D:\Visible_Data\3.SplitTrainVal\Val\2\590051232043_1_20190906144901954.jpg
2,D:\Visible_Data\3.SplitTrainVal\Val\2\590051232043_2_20191112195614934.jpg
2,D:\Visible_Data\3.SplitTrainVal\Val\2\590051232043_6_20191103185836973.jpg
2,D:\Visible_Data\3.SplitTrainVal\Val\2\590051270002_6_20190905102139649.jpg
2,D:\Visible_Data\3.SplitTrainVal\Val\2\590055202956_5_2019100413453087.jpg
2,D:\Visible_Data\3.SplitTrainVal\Val\2\590062706261_2_20190907120935915.jpg
2,D:\Visible_Data\3.SplitTrainVal\Val\2\590065751110_2_20191104074648489.jpg
2,D:\Visible_Data\3.SplitTrainVal\Val\2\590074961901_2_20190904210139093.jpg
2,D:\Visible_Data\3.SplitTrainVal\Val\2\590176196817_8_2019112909515076.jpg
2,D:\Visible_Data\3.SplitTrainVal\Val\2\590231553265_9_20191114183334025.jpg
2,D:\Visible_Data\3.SplitTrainVal\Val\2\590311671985_4_20191207214225686.jpg
2,D:\Visible_Data\3.SplitTrainVal\Val\2\590570410220_8_20190908184738177.jpg
2,D:\Visible_Data\3.SplitTrainVal\Val\2\590694210872_4_2019111212281341.jpg
2,D:\Visible_Data\3.SplitTrainVal\Val\2\590694210872_6_2019111212281341.jpg
2,D:\Visible_Data\3.SplitTrainVal\Val\2\590754921020_3_20190905215916143.jpg
2,D:\Visible_Data\3.SplitTrainVal\Val\2\590762747013_6_2019112320061975.jpg
2,D:\Visible_Data\3.SplitTrainVal\Val\2\590828090001_5_20191113194612095.jpg
2,D:\Visible_Data\3.SplitTrainVal\Val\2\599871138893_3_20191112125722738.jpg
2,D:\Visible_Data\3.SplitTrainVal\Val\2\641130015807_8_20191116145454568.jpg
2,D:\Visible_Data\3.SplitTrainVal\Val\2\692173808872_3_20190905071234696.jpg
2,D:\Visible_Data\3.SplitTrainVal\Val\2\761303377424_2_20190919210208094.jpg
2,D:\Visible_Data\3.SplitTrainVal\Val\2\761303377653_1_20191207123221434.jpg
2,D:\Visible_Data\3.SplitTrainVal\Val\2\761303506315_7_20190910142255446.jpg
2,D:\Visible_Data\3.SplitTrainVal\Val\2\761303546566_1_20190930172657178.jpg
2,D:\Visible_Data\3.SplitTrainVal\Val\2\800007000239_1_2019090416531341.jpg
2,D:\Visible_Data\3.SplitTrainVal\Val\2\800007000239_4_20190906161849396.jpg
2,D:\Visible_Data\3.SplitTrainVal\Val\2\8076176_2_20190926154947106.jpg
2,D:\Visible_Data\3.SplitTrainVal\Val\2\841003195981_4_20190905071259907.jpg
2,D:\Visible_Data\3.SplitTrainVal\Val\2\841003195981_5_20190905071259907.jpg
2,D:\Visible_Data\3.SplitTrainVal\Val\2\859292004445_7_20190903180408844.jpg
2,D:\Visible_Data\3.SplitTrainVal\Val\2\8710852_3_20190904072932621.jpg
2,D:\Visible_Data\3.SplitTrainVal\Val\2\871100052673_4_20190929130730015.jpg
2,D:\Visible_Data\3.SplitTrainVal\Val\2\871100052673_7_20190904170306901.jpg
2,D:\Visible_Data\3.SplitTrainVal\Val\2\871132735479_1_2019092516520743.jpg
2,D:\Visible_Data\3.SplitTrainVal\Val\2\871410064695_4_20190906143455942.jpg
2,D:\Visible_Data\3.SplitTrainVal\Val\2\872270012718_2_20190919140044371.jpg
2,D:\Visible_Data\3.SplitTrainVal\Val\2\8733326_8_20191208132632579.jpg
2,D:\Visible_Data\3.SplitTrainVal\Val\2\899316340233_5_20190916100115283.jpg
2,D:\Visible_Data\3.SplitTrainVal\Val\2\899316340233_9_20190920074557638.jpg
2,D:\Visible_Data\3.SplitTrainVal\Val\2\900010136590_4_20191115153657849.jpg
2,D:\Visible_Data\3.SplitTrainVal\Val\2\900870012513_10_2019090520002403.jpg
2,D:\Visible_Data\3.SplitTrainVal\Val\2\9008776_9_20191008181436041.jpg
2,D:\Visible_Data\3.SplitTrainVal\Val\2\977202991001_1_20190904100359344.jpg
2,D:\Visible_Data\3.SplitTrainVal\Val\2\991869600000_2_20191112154823346.jpg
2,D:\Visible_Data\3.SplitTrainVal\Val\2\991884300000_2_20190918191758236.jpg
2,D:\Visible_Data\3.SplitTrainVal\Val\2\HU75382_6_20191130094453451.jpg
3,D:\Visible_Data\3.SplitTrainVal\Val\3\000000005423_8_20191101091437797.jpg
3,D:\Visible_Data\3.SplitTrainVal\Val\3\000000058020_8_20191125171148084.jpg
3,D:\Visible_Data\3.SplitTrainVal\Val\3\00001136125_7_20191008094551874.jpg
3,D:\Visible_Data\3.SplitTrainVal\Val\3\00001150793_5_20190903162555503.jpg
3,D:\Visible_Data\3.SplitTrainVal\Val\3\00001150973_3_2019090320342836.jpg
3,D:\Visible_Data\3.SplitTrainVal\Val\3\00001157931_4_20190902181715766.jpg
3,D:\Visible_Data\3.SplitTrainVal\Val\3\00001158518_5_20190903141128008.jpg
3,D:\Visible_Data\3.SplitTrainVal\Val\3\01099187100019839717_6_2019091718325697.jpg
3,D:\Visible_Data\3.SplitTrainVal\Val\3\01099310180116839719_6_20190903094156651.jpg
3,D:\Visible_Data\3.SplitTrainVal\Val\3\01099310190112489716_9_20191205115748593.jpg
3,D:\Visible_Data\3.SplitTrainVal\Val\3\01099311300218679708_7_20190922155345414.jpg
3,D:\Visible_Data\3.SplitTrainVal\Val\3\01099611730030499707_3_20190905172052224.jpg
3,D:\Visible_Data\3.SplitTrainVal\Val\3\01477135219639003317800010110_1_20191210162410709.jpg
3,D:\Visible_Data\3.SplitTrainVal\Val\3\233354581075_5_20191112084722049.jpg
3,D:\Visible_Data\3.SplitTrainVal\Val\3\235516310532_3_2019111512350326.jpg
3,D:\Visible_Data\3.SplitTrainVal\Val\3\235564670314_6_2019090517101341.jpg
3,D:\Visible_Data\3.SplitTrainVal\Val\3\253451200441_6_20191113141411847.jpg
3,D:\Visible_Data\3.SplitTrainVal\Val\3\257932800302_6_20190902202042776.jpg
3,D:\Visible_Data\3.SplitTrainVal\Val\3\380020045157_2_20190917192430303.jpg
3,D:\Visible_Data\3.SplitTrainVal\Val\3\380020082798_5_20191207165141119.jpg
3,D:\Visible_Data\3.SplitTrainVal\Val\3\380023025101_7_20190915172126859.jpg
3,D:\Visible_Data\3.SplitTrainVal\Val\3\383847100543_4_20191123124154562.jpg
3,D:\Visible_Data\3.SplitTrainVal\Val\3\400840023072_1_2019112220011658.jpg
3,D:\Visible_Data\3.SplitTrainVal\Val\3\400990049942_6_20190902090857724.jpg
3,D:\Visible_Data\3.SplitTrainVal\Val\3\401190502332_2_20190903200258589.jpg
3,D:\Visible_Data\3.SplitTrainVal\Val\3\401450050991_7_20190904093327763.jpg
3,D:\Visible_Data\3.SplitTrainVal\Val\3\408450003879_4_20190902105953201.jpg
3,D:\Visible_Data\3.SplitTrainVal\Val\3\4101545_3_20190921090338159.jpg
3,D:\Visible_Data\3.SplitTrainVal\Val\3\4224693_7_20190906191734658.jpg
3,D:\Visible_Data\3.SplitTrainVal\Val\3\460089360000_1_20190906152249891.jpg
3,D:\Visible_Data\3.SplitTrainVal\Val\3\474005609100_10_20191031201644906.jpg
3,D:\Visible_Data\3.SplitTrainVal\Val\3\474022301786_7_20190907134022957.jpg
3,D:\Visible_Data\3.SplitTrainVal\Val\3\474057200381_4_2019091808282519.jpg
3,D:\Visible_Data\3.SplitTrainVal\Val\3\475002400077_3_20190916155908285.jpg
3,D:\Visible_Data\3.SplitTrainVal\Val\3\475002400103_1_2019120920545057.jpg
3,D:\Visible_Data\3.SplitTrainVal\Val\3\475002420159_6_20191008175902926.jpg
3,D:\Visible_Data\3.SplitTrainVal\Val\3\475004200091_10_20190908160702206.jpg
3,D:\Visible_Data\3.SplitTrainVal\Val\3\475004230447_3_20191114195412416.jpg
3,D:\Visible_Data\3.SplitTrainVal\Val\3\475004280432_9_20190929175512058.jpg
3,D:\Visible_Data\3.SplitTrainVal\Val\3\475102676054_4_20190906093526011.jpg
3,D:\Visible_Data\3.SplitTrainVal\Val\3\475102676054_5_201909171037072.jpg
3,D:\Visible_Data\3.SplitTrainVal\Val\3\475102676054_6_20191004152352765.jpg
3,D:\Visible_Data\3.SplitTrainVal\Val\3\477002334877_7_20191008170038587.jpg
3,D:\Visible_Data\3.SplitTrainVal\Val\3\477004906452_4_20190916140549236.jpg
3,D:\Visible_Data\3.SplitTrainVal\Val\3\477004908100_2_20190924182815705.jpg
3,D:\Visible_Data\3.SplitTrainVal\Val\3\477005322046_5_20191031170922399.jpg
3,D:\Visible_Data\3.SplitTrainVal\Val\3\477005323926_6_20190929144929736.jpg
3,D:\Visible_Data\3.SplitTrainVal\Val\3\477006819160_5_20191102171057573.jpg
3,D:\Visible_Data\3.SplitTrainVal\Val\3\477007121225_3_20190903180001942.jpg
3,D:\Visible_Data\3.SplitTrainVal\Val\3\477007544727_8_2019090318010649.jpg
3,D:\Visible_Data\3.SplitTrainVal\Val\3\477007819284_8_20190917183037461.jpg
3,D:\Visible_Data\3.SplitTrainVal\Val\3\477011920391_6_2019112913441406.jpg
3,D:\Visible_Data\3.SplitTrainVal\Val\3\477011920448_5_20191002180344785.jpg
3,D:\Visible_Data\3.SplitTrainVal\Val\3\477011920736_8_20190921104821233.jpg
3,D:\Visible_Data\3.SplitTrainVal\Val\3\477011920738_3_20190906183453143.jpg
3,D:\Visible_Data\3.SplitTrainVal\Val\3\477011920782_10_20191123144332643.jpg
3,D:\Visible_Data\3.SplitTrainVal\Val\3\477011920783_5_20190901121922156.jpg
3,D:\Visible_Data\3.SplitTrainVal\Val\3\477011920783_6_20190904143534899.jpg
3,D:\Visible_Data\3.SplitTrainVal\Val\3\477011920831_5_20191122202227888.jpg
3,D:\Visible_Data\3.SplitTrainVal\Val\3\477011920833_8_20190910184243008.jpg
3,D:\Visible_Data\3.SplitTrainVal\Val\3\477011920882_8_20191102122155252.jpg
3,D:\Visible_Data\3.SplitTrainVal\Val\3\477011920912_6_20190906144435416.jpg
3,D:\Visible_Data\3.SplitTrainVal\Val\3\477011920920_1_20191114162219472.jpg
3,D:\Visible_Data\3.SplitTrainVal\Val\3\477011920931_8_20191004140923067.jpg
3,D:\Visible_Data\3.SplitTrainVal\Val\3\477011921027_7_20190902193146026.jpg
3,D:\Visible_Data\3.SplitTrainVal\Val\3\477011921487_8_20191008193435461.jpg
3,D:\Visible_Data\3.SplitTrainVal\Val\3\477011934026_8_20191118164350494.jpg
3,D:\Visible_Data\3.SplitTrainVal\Val\3\477013915248_7_20190905153347592.jpg
3,D:\Visible_Data\3.SplitTrainVal\Val\3\477015322654_4_20190906150846281.jpg
3,D:\Visible_Data\3.SplitTrainVal\Val\3\477016319519_3_20191124162019316.jpg
3,D:\Visible_Data\3.SplitTrainVal\Val\3\477016320012_2_20190929132451998.jpg
3,D:\Visible_Data\3.SplitTrainVal\Val\3\477016320182_3_2019091618045998.jpg
3,D:\Visible_Data\3.SplitTrainVal\Val\3\477016383466_3_20190916210807384.jpg
3,D:\Visible_Data\3.SplitTrainVal\Val\3\477016383550_8_20190917090527033.jpg
3,D:\Visible_Data\3.SplitTrainVal\Val\3\477016383550_8_20191206192005601.jpg
3,D:\Visible_Data\3.SplitTrainVal\Val\3\477016383550_9_20191104184521971.jpg
3,D:\Visible_Data\3.SplitTrainVal\Val\3\477016383771_4_20190905120630892.jpg
3,D:\Visible_Data\3.SplitTrainVal\Val\3\477016622128_3_20191114172119545.jpg
3,D:\Visible_Data\3.SplitTrainVal\Val\3\477017910012_3_20191003180124216.jpg
3,D:\Visible_Data\3.SplitTrainVal\Val\3\477020704727_2_20190903103644471.jpg
3,D:\Visible_Data\3.SplitTrainVal\Val\3\477020704727_8_2019090311321439.jpg
3,D:\Visible_Data\3.SplitTrainVal\Val\3\477022136021_7_20190901173924482.jpg
3,D:\Visible_Data\3.SplitTrainVal\Val\3\477022136022_5_20190923162317191.jpg
3,D:\Visible_Data\3.SplitTrainVal\Val\3\477022136082_2_20190906141728837.jpg
3,D:\Visible_Data\3.SplitTrainVal\Val\3\477023704247_1_2019100809422589.jpg
3,D:\Visible_Data\3.SplitTrainVal\Val\3\477023704372_3_20190903162836062.jpg
3,D:\Visible_Data\3.SplitTrainVal\Val\3\477023705335_5_20190922095145095.jpg
3,D:\Visible_Data\3.SplitTrainVal\Val\3\477023705388_2_20190907180917301.jpg
3,D:\Visible_Data\3.SplitTrainVal\Val\3\477023705388_6_2019091618280513.jpg
3,D:\Visible_Data\3.SplitTrainVal\Val\3\477023705392_5_20190930160744245.jpg
3,D:\Visible_Data\3.SplitTrainVal\Val\3\477024504142_6_2019091712220328.jpg
3,D:\Visible_Data\3.SplitTrainVal\Val\3\477024504438_6_20190918095713523.jpg
3,D:\Visible_Data\3.SplitTrainVal\Val\3\477024504542_3_20190929123156866.jpg
3,D:\Visible_Data\3.SplitTrainVal\Val\3\477026504142_3_2019111716233326.jpg
3,D:\Visible_Data\3.SplitTrainVal\Val\3\477026504153_5_20190902120831748.jpg
3,D:\Visible_Data\3.SplitTrainVal\Val\3\477026521206_4_20191104201411462.jpg
3,D:\Visible_Data\3.SplitTrainVal\Val\3\477026521529_4_20191115082615127.jpg
3,D:\Visible_Data\3.SplitTrainVal\Val\3\477026612961_8_20190902195151723.jpg
3,D:\Visible_Data\3.SplitTrainVal\Val\3\477029622960_2_20191205162501656.jpg
3,D:\Visible_Data\3.SplitTrainVal\Val\3\477029904222_2_20191102142913188.jpg
3,D:\Visible_Data\3.SplitTrainVal\Val\3\477029904518_1_20191206080159509.jpg
3,D:\Visible_Data\3.SplitTrainVal\Val\3\477029939140_9_20190902165541129.jpg
3,D:\Visible_Data\3.SplitTrainVal\Val\3\477029939141_4_20191211124311592.jpg
3,D:\Visible_Data\3.SplitTrainVal\Val\3\477029939388_4_20190910174256391.jpg
3,D:\Visible_Data\3.SplitTrainVal\Val\3\477030122915_7_20190902183840414.jpg
3,D:\Visible_Data\3.SplitTrainVal\Val\3\477030123089_3_20191117133058794.jpg
3,D:\Visible_Data\3.SplitTrainVal\Val\3\477030123089_6_20191104164248045.jpg
3,D:\Visible_Data\3.SplitTrainVal\Val\3\477034922739_2_20190930164527789.jpg
3,D:\Visible_Data\3.SplitTrainVal\Val\3\477034922739_3_20190905163207622.jpg
3,D:\Visible_Data\3.SplitTrainVal\Val\3\477034922739_4_20190903170431457.jpg
3,D:\Visible_Data\3.SplitTrainVal\Val\3\477035014203_5_20191106164323578.jpg
3,D:\Visible_Data\3.SplitTrainVal\Val\3\477040522701_7_20190905215409129.jpg
3,D:\Visible_Data\3.SplitTrainVal\Val\3\477040522726_5_2019110313311936.jpg
3,D:\Visible_Data\3.SplitTrainVal\Val\3\477047722760_2_20190902165051702.jpg
3,D:\Visible_Data\3.SplitTrainVal\Val\3\477047722933_2_2019121019512538.jpg
3,D:\Visible_Data\3.SplitTrainVal\Val\3\477053504811_3_20191206201934544.jpg
3,D:\Visible_Data\3.SplitTrainVal\Val\3\477055234099_5_20191124094928879.jpg
3,D:\Visible_Data\3.SplitTrainVal\Val\3\477056991371_9_20190920193133215.jpg
3,D:\Visible_Data\3.SplitTrainVal\Val\3\477058320158_9_20191111135240609.jpg
3,D:\Visible_Data\3.SplitTrainVal\Val\3\477058321495_4_20190922105341902.jpg
3,D:\Visible_Data\3.SplitTrainVal\Val\3\477063519826_7_20190902112049039.jpg
3,D:\Visible_Data\3.SplitTrainVal\Val\3\477063519826_9_20191112150750859.jpg
3,D:\Visible_Data\3.SplitTrainVal\Val\3\477077700018_9_20191103185955051.jpg
3,D:\Visible_Data\3.SplitTrainVal\Val\3\477077719230_4_20190923123313846.jpg
3,D:\Visible_Data\3.SplitTrainVal\Val\3\477087516490_7_20190906155427553.jpg
3,D:\Visible_Data\3.SplitTrainVal\Val\3\477095942168_4_20190903152811951.jpg
3,D:\Visible_Data\3.SplitTrainVal\Val\3\477095944140_2_20190906185709938.jpg
3,D:\Visible_Data\3.SplitTrainVal\Val\3\477103348611_2_20190915165639127.jpg
3,D:\Visible_Data\3.SplitTrainVal\Val\3\477109622282_4_20190930133817649.jpg
3,D:\Visible_Data\3.SplitTrainVal\Val\3\477118316229_1_20190903115900225.jpg
3,D:\Visible_Data\3.SplitTrainVal\Val\3\477120319355_1_20191113141417864.jpg
3,D:\Visible_Data\3.SplitTrainVal\Val\3\477122219241_5_20191008142206621.jpg
3,D:\Visible_Data\3.SplitTrainVal\Val\3\477139011562_8_20190905145232167.jpg
3,D:\Visible_Data\3.SplitTrainVal\Val\3\477901874383_3_2019103118051096.jpg
3,D:\Visible_Data\3.SplitTrainVal\Val\3\477901874385_4_20190921161140984.jpg
3,D:\Visible_Data\3.SplitTrainVal\Val\3\477902479291_2_20190920081822488.jpg
3,D:\Visible_Data\3.SplitTrainVal\Val\3\477902479415_1_20190929105743329.jpg
3,D:\Visible_Data\3.SplitTrainVal\Val\3\477902820101_8_2019112310491865.jpg
3,D:\Visible_Data\3.SplitTrainVal\Val\3\477902834013_1_20190904101605695.jpg
3,D:\Visible_Data\3.SplitTrainVal\Val\3\477903127701_5_20190921085114386.jpg
3,D:\Visible_Data\3.SplitTrainVal\Val\3\482000647212_6_20190905093109116.jpg
3,D:\Visible_Data\3.SplitTrainVal\Val\3\482006974080_7_20190905205610306.jpg
3,D:\Visible_Data\3.SplitTrainVal\Val\3\590025910196_2_20190901205822178.jpg
3,D:\Visible_Data\3.SplitTrainVal\Val\3\590043770516_1_20190903203014607.jpg
3,D:\Visible_Data\3.SplitTrainVal\Val\3\590051298117_5_20191203181406205.jpg
3,D:\Visible_Data\3.SplitTrainVal\Val\3\590065730510_2_20190930172310424.jpg
3,D:\Visible_Data\3.SplitTrainVal\Val\3\590113501515_2_20190902120746452.jpg
3,D:\Visible_Data\3.SplitTrainVal\Val\3\590231553294_9_20191101143345434.jpg
3,D:\Visible_Data\3.SplitTrainVal\Val\3\590503384980_1_20191003182128648.jpg
3,D:\Visible_Data\3.SplitTrainVal\Val\3\590518790502_8_20191107190135247.jpg
3,D:\Visible_Data\3.SplitTrainVal\Val\3\590570410233_2_20190906145443744.jpg
3,D:\Visible_Data\3.SplitTrainVal\Val\3\590694210816_9_20191112122817435.jpg
3,D:\Visible_Data\3.SplitTrainVal\Val\3\590823508052_2_20190916173208128.jpg
3,D:\Visible_Data\3.SplitTrainVal\Val\3\642025601412_2_20190901100024404.jpg
3,D:\Visible_Data\3.SplitTrainVal\Val\3\642025601412_4_20190901134236122.jpg
3,D:\Visible_Data\3.SplitTrainVal\Val\3\731079118066_3_20190904150933463.jpg
3,D:\Visible_Data\3.SplitTrainVal\Val\3\731079124560_2_20190905133135956.jpg
3,D:\Visible_Data\3.SplitTrainVal\Val\3\761303531437_8_201911041143244.jpg
3,D:\Visible_Data\3.SplitTrainVal\Val\3\761303664907_2_20191123162142233.jpg
3,D:\Visible_Data\3.SplitTrainVal\Val\3\762221019492_2_20190918182350205.jpg
3,D:\Visible_Data\3.SplitTrainVal\Val\3\762221033437_4_20190916191157853.jpg
3,D:\Visible_Data\3.SplitTrainVal\Val\3\800214003950_1_20190917181706641.jpg
3,D:\Visible_Data\3.SplitTrainVal\Val\3\841010003402_5_20190902104642569.jpg
3,D:\Visible_Data\3.SplitTrainVal\Val\3\859389330919_4_20190905083711281.jpg
3,D:\Visible_Data\3.SplitTrainVal\Val\3\869542480119_4_20190930132800956.jpg
3,D:\Visible_Data\3.SplitTrainVal\Val\3\977182233802_4_20190905202343987.jpg
3,D:\Visible_Data\3.SplitTrainVal\Val\3\991810000000_3_20190902082031219.jpg
3,D:\Visible_Data\3.SplitTrainVal\Val\3\991821000000_1_20190907084948007.jpg
3,D:\Visible_Data\3.SplitTrainVal\Val\3\991821000000_5_20191208133314308.jpg
3,D:\Visible_Data\3.SplitTrainVal\Val\3\991825200000_1_2019092008480677.jpg
3,D:\Visible_Data\3.SplitTrainVal\Val\3\991829400000_2_20191118161238316.jpg
3,D:\Visible_Data\3.SplitTrainVal\Val\3\991854400000_4_20190907105558997.jpg
3,D:\Visible_Data\3.SplitTrainVal\Val\3\9918573000000_6_20190928155341697.jpg
4,D:\Visible_Data\3.SplitTrainVal\Val\4\00000058143_1_20190903152319187.jpg
4,D:\Visible_Data\3.SplitTrainVal\Val\4\00000058143_4_20191003162500624.jpg
4,D:\Visible_Data\3.SplitTrainVal\Val\4\00000058156_5_20191207182319046.jpg
4,D:\Visible_Data\3.SplitTrainVal\Val\4\00000058668_6_201909011906357.jpg
4,D:\Visible_Data\3.SplitTrainVal\Val\4\00001122768_3_20190902093410226.jpg
4,D:\Visible_Data\3.SplitTrainVal\Val\4\00001128425_6_20190919205220351.jpg
4,D:\Visible_Data\3.SplitTrainVal\Val\4\00001136125_2_20190903142700058.jpg
4,D:\Visible_Data\3.SplitTrainVal\Val\4\00001147832_10_20190929123550114.jpg
4,D:\Visible_Data\3.SplitTrainVal\Val\4\00001149660_5_20190909080754602.jpg
4,D:\Visible_Data\3.SplitTrainVal\Val\4\00001150803_2_20190901143959517.jpg
4,D:\Visible_Data\3.SplitTrainVal\Val\4\00001154189_1_20190901142810408.jpg
4,D:\Visible_Data\3.SplitTrainVal\Val\4\00001154373_2_20190904182803252.jpg
4,D:\Visible_Data\3.SplitTrainVal\Val\4\00001155960_6_20190919125534099.jpg
4,D:\Visible_Data\3.SplitTrainVal\Val\4\00001157441_5_20191003184503612.jpg
4,D:\Visible_Data\3.SplitTrainVal\Val\4\00001158513_10_20190929180224422.jpg
4,D:\Visible_Data\3.SplitTrainVal\Val\4\00001158514_3_20191208125209066.jpg
4,D:\Visible_Data\3.SplitTrainVal\Val\4\01000001142108002739000051008_4_20191004133642784.jpg
4,D:\Visible_Data\3.SplitTrainVal\Val\4\01099180630243879717_9_20191002163453272.jpg
4,D:\Visible_Data\3.SplitTrainVal\Val\4\01099180630269619705_1_20190905144209013.jpg
4,D:\Visible_Data\3.SplitTrainVal\Val\4\01099180630319419705_6_20190905082658897.jpg
4,D:\Visible_Data\3.SplitTrainVal\Val\4\01099180630355679717_5_20190916170947109.jpg
4,D:\Visible_Data\3.SplitTrainVal\Val\4\01099180630422689705_2_20190927133245758.jpg
4,D:\Visible_Data\3.SplitTrainVal\Val\4\01099180630454679712_2_20190901193259395.jpg
4,D:\Visible_Data\3.SplitTrainVal\Val\4\01099222460043639706_4_2019090711350364.jpg
4,D:\Visible_Data\3.SplitTrainVal\Val\4\01099223030036679704_1_20190904153644794.jpg
4,D:\Visible_Data\3.SplitTrainVal\Val\4\01099310270110499708_2_20190916120347872.jpg
4,D:\Visible_Data\3.SplitTrainVal\Val\4\01099310360091819716_3_20190915151613931.jpg
4,D:\Visible_Data\3.SplitTrainVal\Val\4\01099311180184079706_7_20191106105755545.jpg
4,D:\Visible_Data\3.SplitTrainVal\Val\4\01099312260056279708_2_2019090115354584.jpg
4,D:\Visible_Data\3.SplitTrainVal\Val\4\01099314820126059704_7_20190905122221838.jpg
4,D:\Visible_Data\3.SplitTrainVal\Val\4\01099523670050249704_1_20190919095536766.jpg
4,D:\Visible_Data\3.SplitTrainVal\Val\4\01099611740031099701_6_20191130181135225.jpg
4,D:\Visible_Data\3.SplitTrainVal\Val\4\01099611950020209707_3_20190910175508963.jpg
4,D:\Visible_Data\3.SplitTrainVal\Val\4\233308130206_2_20190904131419563.jpg
4,D:\Visible_Data\3.SplitTrainVal\Val\4\235456841542_7_20190906144442103.jpg
4,D:\Visible_Data\3.SplitTrainVal\Val\4\249751110436_1_20190904154118065.jpg
4,D:\Visible_Data\3.SplitTrainVal\Val\4\253339900348_2_20190903134049478.jpg
4,D:\Visible_Data\3.SplitTrainVal\Val\4\257967600334_6_2019110215115424.jpg
4,D:\Visible_Data\3.SplitTrainVal\Val\4\301780022575_1_20191031161745061.jpg
4,D:\Visible_Data\3.SplitTrainVal\Val\4\380002041882_6_20191008141338011.jpg
4,D:\Visible_Data\3.SplitTrainVal\Val\4\380071800424_6_20190903201824428.jpg
4,D:\Visible_Data\3.SplitTrainVal\Val\4\383895202590_5_20191114124758166.jpg
4,D:\Visible_Data\3.SplitTrainVal\Val\4\383895202755_10_2019112615552204.jpg
4,D:\Visible_Data\3.SplitTrainVal\Val\4\400168630155_3_20190907171640132.jpg
4,D:\Visible_Data\3.SplitTrainVal\Val\4\401440040000_7_20190919073341232.jpg
4,D:\Visible_Data\3.SplitTrainVal\Val\4\401450050991_5_20191117180922025.jpg
4,D:\Visible_Data\3.SplitTrainVal\Val\4\401540021393_6_20190904212058551.jpg
4,D:\Visible_Data\3.SplitTrainVal\Val\4\404060000612_6_2019091713201179.jpg
4,D:\Visible_Data\3.SplitTrainVal\Val\4\460713438101_3_20190921144754924.jpg
4,D:\Visible_Data\3.SplitTrainVal\Val\4\474001976579_1_20191116151440746.jpg
4,D:\Visible_Data\3.SplitTrainVal\Val\4\474055300057_1_20191124175102022.jpg
4,D:\Visible_Data\3.SplitTrainVal\Val\4\474303803931_6_20190902111449145.jpg
4,D:\Visible_Data\3.SplitTrainVal\Val\4\475000778990_5_2019120919364765.jpg
4,D:\Visible_Data\3.SplitTrainVal\Val\4\475000789812_5_20191008160743529.jpg
4,D:\Visible_Data\3.SplitTrainVal\Val\4\475002589235_6_20191101164635736.jpg
4,D:\Visible_Data\3.SplitTrainVal\Val\4\475003725230_2_20191116160430334.jpg
4,D:\Visible_Data\3.SplitTrainVal\Val\4\475004200024_4_20190918183210784.jpg
4,D:\Visible_Data\3.SplitTrainVal\Val\4\475004230484_5_20191210174729095.jpg
4,D:\Visible_Data\3.SplitTrainVal\Val\4\475004280422_6_20191002172230582.jpg
4,D:\Visible_Data\3.SplitTrainVal\Val\4\475005034140_1_20190905190713359.jpg
4,D:\Visible_Data\3.SplitTrainVal\Val\4\475100017184_8_20190905203054344.jpg
4,D:\Visible_Data\3.SplitTrainVal\Val\4\475100866115_1_20191101180453741.jpg
4,D:\Visible_Data\3.SplitTrainVal\Val\4\475100866126_3_20190917180628.jpg
4,D:\Visible_Data\3.SplitTrainVal\Val\4\475102329941_4_20190907123054532.jpg
4,D:\Visible_Data\3.SplitTrainVal\Val\4\477002348211_10_20190917150131374.jpg
4,D:\Visible_Data\3.SplitTrainVal\Val\4\477003322449_4_20191202193905656.jpg
4,D:\Visible_Data\3.SplitTrainVal\Val\4\477003322674_3_20190904140445779.jpg
4,D:\Visible_Data\3.SplitTrainVal\Val\4\477006322861_1_20190917213252744.jpg
4,D:\Visible_Data\3.SplitTrainVal\Val\4\477006819124_2_20190917070729841.jpg
4,D:\Visible_Data\3.SplitTrainVal\Val\4\477006819214_2_20191002132442114.jpg
4,D:\Visible_Data\3.SplitTrainVal\Val\4\477006819214_3_2019092119545849.jpg
4,D:\Visible_Data\3.SplitTrainVal\Val\4\477006819848_5_20190922081716613.jpg
4,D:\Visible_Data\3.SplitTrainVal\Val\4\477006819895_4_20190905171919899.jpg
4,D:\Visible_Data\3.SplitTrainVal\Val\4\477007121225_6_20190906160234643.jpg
4,D:\Visible_Data\3.SplitTrainVal\Val\4\477007911001_2_20191130081853283.jpg
4,D:\Visible_Data\3.SplitTrainVal\Val\4\477011304768_1_20191122151809416.jpg
4,D:\Visible_Data\3.SplitTrainVal\Val\4\477011920183_2_20190906183649156.jpg
4,D:\Visible_Data\3.SplitTrainVal\Val\4\477011920391_1_20191201094750062.jpg
4,D:\Visible_Data\3.SplitTrainVal\Val\4\477011920442_4_20190915114615715.jpg
4,D:\Visible_Data\3.SplitTrainVal\Val\4\477011920457_4_20190902105352376.jpg
4,D:\Visible_Data\3.SplitTrainVal\Val\4\477011920887_2_20190907113438104.jpg
4,D:\Visible_Data\3.SplitTrainVal\Val\4\477011921435_7_20190917140925957.jpg
4,D:\Visible_Data\3.SplitTrainVal\Val\4\477011921469_3_20190915130119243.jpg
4,D:\Visible_Data\3.SplitTrainVal\Val\4\477011921513_3_20190921194722421.jpg
4,D:\Visible_Data\3.SplitTrainVal\Val\4\477011921513_7_20191004094031777.jpg
4,D:\Visible_Data\3.SplitTrainVal\Val\4\477011921581_6_20190901113050412.jpg
4,D:\Visible_Data\3.SplitTrainVal\Val\4\477011921602_1_20191004162528573.jpg
4,D:\Visible_Data\3.SplitTrainVal\Val\4\477011921626_4_2019120414594049.jpg
4,D:\Visible_Data\3.SplitTrainVal\Val\4\477014920373_7_20190918073021405.jpg
4,D:\Visible_Data\3.SplitTrainVal\Val\4\477016319046_2_2019091611450571.jpg
4,D:\Visible_Data\3.SplitTrainVal\Val\4\477016319959_5_2019112611275908.jpg
4,D:\Visible_Data\3.SplitTrainVal\Val\4\477016319959_7_2019090509544895.jpg
4,D:\Visible_Data\3.SplitTrainVal\Val\4\477016383550_3_20190918182612277.jpg
4,D:\Visible_Data\3.SplitTrainVal\Val\4\477016383550_4_20190906143327771.jpg
4,D:\Visible_Data\3.SplitTrainVal\Val\4\477016383550_7_20190922111015329.jpg
4,D:\Visible_Data\3.SplitTrainVal\Val\4\477016621984_9_20190902145529502.jpg
4,D:\Visible_Data\3.SplitTrainVal\Val\4\477017504650_9_20190907112433918.jpg
4,D:\Visible_Data\3.SplitTrainVal\Val\4\477017911937_7_20191203172319379.jpg
4,D:\Visible_Data\3.SplitTrainVal\Val\4\477017912508_1_20191111183443789.jpg
4,D:\Visible_Data\3.SplitTrainVal\Val\4\477020512438_10_20190904173701854.jpg
4,D:\Visible_Data\3.SplitTrainVal\Val\4\477022136021_5_2019092020023466.jpg
4,D:\Visible_Data\3.SplitTrainVal\Val\4\477022136026_4_20190911091849884.jpg
4,D:\Visible_Data\3.SplitTrainVal\Val\4\477022136082_3_20190921110528805.jpg
4,D:\Visible_Data\3.SplitTrainVal\Val\4\477022136098_6_20191207165608088.jpg
4,D:\Visible_Data\3.SplitTrainVal\Val\4\477023704106_5_20191208155556745.jpg
4,D:\Visible_Data\3.SplitTrainVal\Val\4\477023704108_4_2019090415153993.jpg
4,D:\Visible_Data\3.SplitTrainVal\Val\4\477023704214_2_20190903181916099.jpg
4,D:\Visible_Data\3.SplitTrainVal\Val\4\477023704309_1_20190929155612289.jpg
4,D:\Visible_Data\3.SplitTrainVal\Val\4\477023704359_5_20190910193542008.jpg
4,D:\Visible_Data\3.SplitTrainVal\Val\4\477023704914_6_20190904185854829.jpg
4,D:\Visible_Data\3.SplitTrainVal\Val\4\477023704922_3_20190904160302927.jpg
4,D:\Visible_Data\3.SplitTrainVal\Val\4\477023705388_2_201909281401409.jpg
4,D:\Visible_Data\3.SplitTrainVal\Val\4\477023705406_6_20190904184127729.jpg
4,D:\Visible_Data\3.SplitTrainVal\Val\4\477023705409_10_20191108135900354.jpg
4,D:\Visible_Data\3.SplitTrainVal\Val\4\477023705508_3_20190906184218484.jpg
4,D:\Visible_Data\3.SplitTrainVal\Val\4\477024504142_4_20191202182630207.jpg
4,D:\Visible_Data\3.SplitTrainVal\Val\4\477024504931_5_20191204190924281.jpg
4,D:\Visible_Data\3.SplitTrainVal\Val\4\477026504142_1_20191116093836802.jpg
4,D:\Visible_Data\3.SplitTrainVal\Val\4\477026504142_8_20191123120512329.jpg
4,D:\Visible_Data\3.SplitTrainVal\Val\4\477026504153_5_20190922094247789.jpg
4,D:\Visible_Data\3.SplitTrainVal\Val\4\477026504639_5_201909151721221.jpg
4,D:\Visible_Data\3.SplitTrainVal\Val\4\477026612959_5_20191125125904816.jpg
4,D:\Visible_Data\3.SplitTrainVal\Val\4\477029622944_7_20191103105235514.jpg
4,D:\Visible_Data\3.SplitTrainVal\Val\4\477029904675_2_20190907133835762.jpg
4,D:\Visible_Data\3.SplitTrainVal\Val\4\477029939140_1_20191113155945803.jpg
4,D:\Visible_Data\3.SplitTrainVal\Val\4\477029939728_2_20190902192452164.jpg
4,D:\Visible_Data\3.SplitTrainVal\Val\4\477029939777_3_20190904093314277.jpg
4,D:\Visible_Data\3.SplitTrainVal\Val\4\477030122898_3_20191123104351362.jpg
4,D:\Visible_Data\3.SplitTrainVal\Val\4\477030122910_5_20190915123619303.jpg
4,D:\Visible_Data\3.SplitTrainVal\Val\4\477030122917_6_20191109171922483.jpg
4,D:\Visible_Data\3.SplitTrainVal\Val\4\477030123015_3_20191114193834176.jpg
4,D:\Visible_Data\3.SplitTrainVal\Val\4\477030816582_4_20190920160714924.jpg
4,D:\Visible_Data\3.SplitTrainVal\Val\4\477034922747_2_20190906123533702.jpg
4,D:\Visible_Data\3.SplitTrainVal\Val\4\477035002105_1_20190917094038416.jpg
4,D:\Visible_Data\3.SplitTrainVal\Val\4\477035002105_5_2019091019013471.jpg
4,D:\Visible_Data\3.SplitTrainVal\Val\4\477035014120_5_20190901190046186.jpg
4,D:\Visible_Data\3.SplitTrainVal\Val\4\477035014120_6_20190905152247087.jpg
4,D:\Visible_Data\3.SplitTrainVal\Val\4\477039522773_2_20190903175800459.jpg
4,D:\Visible_Data\3.SplitTrainVal\Val\4\477039522773_3_20191102103113131.jpg
4,D:\Visible_Data\3.SplitTrainVal\Val\4\477039522784_1_20191104185122573.jpg
4,D:\Visible_Data\3.SplitTrainVal\Val\4\477039522867_1_2019110217282046.jpg
4,D:\Visible_Data\3.SplitTrainVal\Val\4\477040522697_6_20191209145750068.jpg
4,D:\Visible_Data\3.SplitTrainVal\Val\4\477040522702_5_2019113012173786.jpg
4,D:\Visible_Data\3.SplitTrainVal\Val\4\477040522704_6_20190902081143013.jpg
4,D:\Visible_Data\3.SplitTrainVal\Val\4\477041600284_3_2019090211353869.jpg
4,D:\Visible_Data\3.SplitTrainVal\Val\4\477047104667_3_20190908144206643.jpg
4,D:\Visible_Data\3.SplitTrainVal\Val\4\477047722997_4_20190903180648767.jpg
4,D:\Visible_Data\3.SplitTrainVal\Val\4\477047723000_1_2019090212222136.jpg
4,D:\Visible_Data\3.SplitTrainVal\Val\4\477049121667_8_20190930171713627.jpg
4,D:\Visible_Data\3.SplitTrainVal\Val\4\477051311730_3_20190923165431693.jpg
4,D:\Visible_Data\3.SplitTrainVal\Val\4\477052166412_3_20190902123414641.jpg
4,D:\Visible_Data\3.SplitTrainVal\Val\4\477056920330_3_20190901161727516.jpg
4,D:\Visible_Data\3.SplitTrainVal\Val\4\477056920330_3_20191031205826267.jpg
4,D:\Visible_Data\3.SplitTrainVal\Val\4\477057720137_3_20191111132733809.jpg
4,D:\Visible_Data\3.SplitTrainVal\Val\4\477057721366_7_20191202192133718.jpg
4,D:\Visible_Data\3.SplitTrainVal\Val\4\477058320171_5_20190902182935806.jpg
4,D:\Visible_Data\3.SplitTrainVal\Val\4\477058321797_5_20191117195545395.jpg
4,D:\Visible_Data\3.SplitTrainVal\Val\4\477059219338_4_20190930211754705.jpg
4,D:\Visible_Data\3.SplitTrainVal\Val\4\477060916293_5_20190906170922903.jpg
4,D:\Visible_Data\3.SplitTrainVal\Val\4\477063519301_3_20190915151455009.jpg
4,D:\Visible_Data\3.SplitTrainVal\Val\4\477063519705_2_20190906170200025.jpg
4,D:\Visible_Data\3.SplitTrainVal\Val\4\477063519826_6_20190902200327687.jpg
4,D:\Visible_Data\3.SplitTrainVal\Val\4\477064503607_5_2019090316583171.jpg
4,D:\Visible_Data\3.SplitTrainVal\Val\4\477078439028_2_20190902112011771.jpg
4,D:\Visible_Data\3.SplitTrainVal\Val\4\477095942156_3_20190903172803033.jpg
4,D:\Visible_Data\3.SplitTrainVal\Val\4\477109622277_4_20190929165929635.jpg
4,D:\Visible_Data\3.SplitTrainVal\Val\4\477163231174_5_20191203184309742.jpg
4,D:\Visible_Data\3.SplitTrainVal\Val\4\477901874382_7_20190901205711889.jpg
4,D:\Visible_Data\3.SplitTrainVal\Val\4\477902004011_4_20190906094508268.jpg
4,D:\Visible_Data\3.SplitTrainVal\Val\4\477902834013_2_20190902115503687.jpg
4,D:\Visible_Data\3.SplitTrainVal\Val\4\477902834551_1_2019111517411147.jpg
4,D:\Visible_Data\3.SplitTrainVal\Val\4\477903018046_6_2019090317532335.jpg
4,D:\Visible_Data\3.SplitTrainVal\Val\4\477903127007_6_20191106135056744.jpg
4,D:\Visible_Data\3.SplitTrainVal\Val\4\477903127384_3_20191129190420943.jpg
4,D:\Visible_Data\3.SplitTrainVal\Val\4\477903127709_4_20191122123630012.jpg
4,D:\Visible_Data\3.SplitTrainVal\Val\4\477903320123_3_20190906145821098.jpg
4,D:\Visible_Data\3.SplitTrainVal\Val\4\477903902013_2_20191125173237434.jpg
4,D:\Visible_Data\3.SplitTrainVal\Val\4\481041005341_3_20191127195604236.jpg
4,D:\Visible_Data\3.SplitTrainVal\Val\4\482000230392_1_2019110811214314.jpg
4,D:\Visible_Data\3.SplitTrainVal\Val\4\482000647043_1_20190904170311075.jpg
4,D:\Visible_Data\3.SplitTrainVal\Val\4\482000647205_3_20190902214610729.jpg
4,D:\Visible_Data\3.SplitTrainVal\Val\4\482000647205_8_20190905162650634.jpg
4,D:\Visible_Data\3.SplitTrainVal\Val\4\482307162334_5_20190910175700007.jpg
4,D:\Visible_Data\3.SplitTrainVal\Val\4\482307761818_2_20190904141654324.jpg
4,D:\Visible_Data\3.SplitTrainVal\Val\4\485001065282_6_20190918151217243.jpg
4,D:\Visible_Data\3.SplitTrainVal\Val\4\486001900162_5_20190905121825153.jpg
4,D:\Visible_Data\3.SplitTrainVal\Val\4\502905356403_7_20190928140812419.jpg
4,D:\Visible_Data\3.SplitTrainVal\Val\4\520136052121_6_20190907195917185.jpg
4,D:\Visible_Data\3.SplitTrainVal\Val\4\520136052251_4_20190907200146206.jpg
4,D:\Visible_Data\3.SplitTrainVal\Val\4\590002002706_7_20190908091029183.jpg
4,D:\Visible_Data\3.SplitTrainVal\Val\4\590025909826_8_20190906161631039.jpg
4,D:\Visible_Data\3.SplitTrainVal\Val\4\590025909939_6_20190921182110684.jpg
4,D:\Visible_Data\3.SplitTrainVal\Val\4\590051117327_1_20190915103522339.jpg
4,D:\Visible_Data\3.SplitTrainVal\Val\4\590051232043_6_20191203165533484.jpg
4,D:\Visible_Data\3.SplitTrainVal\Val\4\590064303011_2_201910011154504.jpg
4,D:\Visible_Data\3.SplitTrainVal\Val\4\590095112573_4_20190910143744109.jpg
4,D:\Visible_Data\3.SplitTrainVal\Val\4\590095112573_5_20190909133246855.jpg
4,D:\Visible_Data\3.SplitTrainVal\Val\4\590139000188_7_20190907151838738.jpg
4,D:\Visible_Data\3.SplitTrainVal\Val\4\590311673806_1_20190927135335923.jpg
4,D:\Visible_Data\3.SplitTrainVal\Val\4\590319522010_1_20190903191756278.jpg
4,D:\Visible_Data\3.SplitTrainVal\Val\4\590443801202_1_20191202182451888.jpg
4,D:\Visible_Data\3.SplitTrainVal\Val\4\590518790531_5_20191112142833377.jpg
4,D:\Visible_Data\3.SplitTrainVal\Val\4\590570410220_2_20190906141813205.jpg
4,D:\Visible_Data\3.SplitTrainVal\Val\4\599954617463_6_20190903191914555.jpg
4,D:\Visible_Data\3.SplitTrainVal\Val\4\641659783840_1_20190921101312787.jpg
4,D:\Visible_Data\3.SplitTrainVal\Val\4\693192911135_5_20191126203043146.jpg
4,D:\Visible_Data\3.SplitTrainVal\Val\4\732254038848_9_20190907130459789.jpg
4,D:\Visible_Data\3.SplitTrainVal\Val\4\74509200694_2_20190921111657111.jpg
4,D:\Visible_Data\3.SplitTrainVal\Val\4\761303186842_7_20191130125628129.jpg
4,D:\Visible_Data\3.SplitTrainVal\Val\4\761303531437_2_20191205091646255.jpg
4,D:\Visible_Data\3.SplitTrainVal\Val\4\77898856522_1_20191129175455809.jpg
4,D:\Visible_Data\3.SplitTrainVal\Val\4\805219417826_7_20190903181138711.jpg
4,D:\Visible_Data\3.SplitTrainVal\Val\4\8076176_8_20190924102753311.jpg
4,D:\Visible_Data\3.SplitTrainVal\Val\4\807680208598_6_2019091621431663.jpg
4,D:\Visible_Data\3.SplitTrainVal\Val\4\841097103418_1_20190906112452155.jpg
4,D:\Visible_Data\3.SplitTrainVal\Val\4\842661710620_7_20191106170607359.jpg
4,D:\Visible_Data\3.SplitTrainVal\Val\4\859518494253_4_20190916191419425.jpg
4,D:\Visible_Data\3.SplitTrainVal\Val\4\871100065069_5_20191117143601995.jpg
4,D:\Visible_Data\3.SplitTrainVal\Val\4\871210086627_2_20191203132838211.jpg
4,D:\Visible_Data\3.SplitTrainVal\Val\4\871242302459_2_20191002190252615.jpg
4,D:\Visible_Data\3.SplitTrainVal\Val\4\871410053498_2_20191008182458004.jpg
4,D:\Visible_Data\3.SplitTrainVal\Val\4\890181019049_4_20190907195715697.jpg
4,D:\Visible_Data\3.SplitTrainVal\Val\4\977139223502_6_20191123121315326.jpg
4,D:\Visible_Data\3.SplitTrainVal\Val\4\977202991001_2_20190904115120759.jpg
4,D:\Visible_Data\3.SplitTrainVal\Val\4\977202991001_2_20191128173304713.jpg
4,D:\Visible_Data\3.SplitTrainVal\Val\4\991800200000_3_20191205105255064.jpg
4,D:\Visible_Data\3.SplitTrainVal\Val\4\991800200000_6_20191129123236539.jpg
4,D:\Visible_Data\3.SplitTrainVal\Val\4\991819300000_10_20190926164734501.jpg
4,D:\Visible_Data\3.SplitTrainVal\Val\4\991821000000_3_20190902112353591.jpg
4,D:\Visible_Data\3.SplitTrainVal\Val\4\991821000000_5_20191208113231509.jpg
4,D:\Visible_Data\3.SplitTrainVal\Val\4\991829200000_4_20191101160629604.jpg
4,D:\Visible_Data\3.SplitTrainVal\Val\4\991840000000_10_20190905103634594.jpg
4,D:\Visible_Data\3.SplitTrainVal\Val\4\991856200000_5_20190902120821346.jpg
4,D:\Visible_Data\3.SplitTrainVal\Val\4\991857700000_5_20190904145902223.jpg
4,D:\Visible_Data\3.SplitTrainVal\Val\4\991860300000_4_20191031174342907.jpg
4,D:\Visible_Data\3.SplitTrainVal\Val\4\991863300000_10_20191124113728093.jpg
4,D:\Visible_Data\3.SplitTrainVal\Val\4\991868100000_5_20191001182811894.jpg
4,D:\Visible_Data\3.SplitTrainVal\Val\4\991869600000_3_20190905105837876.jpg
4,D:\Visible_Data\3.SplitTrainVal\Val\4\991869600000_6_2019090320292311.jpg
4,D:\Visible_Data\3.SplitTrainVal\Val\4\992199200000_2_20190905165834769.jpg
m,D:\Visible_Data\3.SplitTrainVal\Val\m\000000005301_1_20190920133836196.jpg
m,D:\Visible_Data\3.SplitTrainVal\Val\m\000000005304_5_20190901101103139.jpg
m,D:\Visible_Data\3.SplitTrainVal\Val\m\000000005315_2_20190929155902489.jpg
m,D:\Visible_Data\3.SplitTrainVal\Val\m\000000005315_5_20191114195445203.jpg
m,D:\Visible_Data\3.SplitTrainVal\Val\m\000000005328_10_2019100220201403.jpg
m,D:\Visible_Data\3.SplitTrainVal\Val\m\000000005332_8_20190906171525141.jpg
m,D:\Visible_Data\3.SplitTrainVal\Val\m\000000005425_8_20191128121938802.jpg
m,D:\Visible_Data\3.SplitTrainVal\Val\m\000000005601_8_20190929174504916.jpg
m,D:\Visible_Data\3.SplitTrainVal\Val\m\000000058014_5_20191003145145679.jpg
m,D:\Visible_Data\3.SplitTrainVal\Val\m\00000058020_8_20191031171425717.jpg
m,D:\Visible_Data\3.SplitTrainVal\Val\m\01099021110050609701_3_20190905165530954.jpg
m,D:\Visible_Data\3.SplitTrainVal\Val\m\01099220560032049707_3_20190918094135842.jpg
m,D:\Visible_Data\3.SplitTrainVal\Val\m\01099223280037659713_7_20190907150510129.jpg
m,D:\Visible_Data\3.SplitTrainVal\Val\m\01099227120027259704_7_20191123184742432.jpg
m,D:\Visible_Data\3.SplitTrainVal\Val\m\01099236920026069707_4_20190901183524055.jpg
m,D:\Visible_Data\3.SplitTrainVal\Val\m\01099259230055859701_1_2019090511051563.jpg
m,D:\Visible_Data\3.SplitTrainVal\Val\m\01099310000042429718_8_2019092912155785.jpg
m,D:\Visible_Data\3.SplitTrainVal\Val\m\01099310030082479708_2_20191008173316062.jpg
m,D:\Visible_Data\3.SplitTrainVal\Val\m\01099310170109469718_1_20191130114404638.jpg
m,D:\Visible_Data\3.SplitTrainVal\Val\m\01099310230143039708_3_20191008133600054.jpg
m,D:\Visible_Data\3.SplitTrainVal\Val\m\01099310290042479708_8_20191211134306061.jpg
m,D:\Visible_Data\3.SplitTrainVal\Val\m\01099310330037489706_9_20190916152501681.jpg
m,D:\Visible_Data\3.SplitTrainVal\Val\m\01099310370060049713_3_20190918094755693.jpg
m,D:\Visible_Data\3.SplitTrainVal\Val\m\01099310630033679708_7_201909161814586.jpg
m,D:\Visible_Data\3.SplitTrainVal\Val\m\01099310770058839718_1_20190929125015787.jpg
m,D:\Visible_Data\3.SplitTrainVal\Val\m\01099310770407479708_9_20190906092536349.jpg
m,D:\Visible_Data\3.SplitTrainVal\Val\m\01099311460180049706_7_20190909172548492.jpg
m,D:\Visible_Data\3.SplitTrainVal\Val\m\01099422100032609704_4_20190905125103143.jpg
m,D:\Visible_Data\3.SplitTrainVal\Val\m\01099518040021839704_4_20191209202036012.jpg
m,D:\Visible_Data\3.SplitTrainVal\Val\m\01099523970017829708_2_20191125205113174.jpg
m,D:\Visible_Data\3.SplitTrainVal\Val\m\01099525490034429704_1_20191122193235251.jpg
m,D:\Visible_Data\3.SplitTrainVal\Val\m\01099525550058819707_8_20190906183443908.jpg
m,D:\Visible_Data\3.SplitTrainVal\Val\m\01099621900032659707_3_20191102142925196.jpg
m,D:\Visible_Data\3.SplitTrainVal\Val\m\01099621900105609718_7_20191115104749938.jpg
m,D:\Visible_Data\3.SplitTrainVal\Val\m\01099621900111239707_1_20191003162428492.jpg
m,D:\Visible_Data\3.SplitTrainVal\Val\m\01099624340022459706_2_2019090712122928.jpg
m,D:\Visible_Data\3.SplitTrainVal\Val\m\21973_1_20191122161310236.jpg
m,D:\Visible_Data\3.SplitTrainVal\Val\m\477010724370_7_20190903132403246.jpg
m,D:\Visible_Data\3.SplitTrainVal\Val\m\482000227001_5_20190903191151493.jpg
m,D:\Visible_Data\3.SplitTrainVal\Val\m\482002670155_5_20191102143907256.jpg
m,D:\Visible_Data\3.SplitTrainVal\Val\m\590706900001_6_20190903180125429.jpg
m,D:\Visible_Data\3.SplitTrainVal\Val\m\991800900000_2_20191008150246152.jpg
m,D:\Visible_Data\3.SplitTrainVal\Val\m\991800900000_3_20190901175058183.jpg
m,D:\Visible_Data\3.SplitTrainVal\Val\m\991800900000_4_20190905200825266.jpg
m,D:\Visible_Data\3.SplitTrainVal\Val\m\991800900000_9_20190917104240875.jpg
m,D:\Visible_Data\3.SplitTrainVal\Val\m\991804000000_2_20191206151408487.jpg
m,D:\Visible_Data\3.SplitTrainVal\Val\m\991810000000_1_20190926164018468.jpg
m,D:\Visible_Data\3.SplitTrainVal\Val\m\991810000000_5_20191008191130807.jpg
m,D:\Visible_Data\3.SplitTrainVal\Val\m\991810000000_6_20190907190437132.jpg
m,D:\Visible_Data\3.SplitTrainVal\Val\m\991810000000_6_20191210172025094.jpg
m,D:\Visible_Data\3.SplitTrainVal\Val\m\991810000000_7_20190909181354218.jpg
m,D:\Visible_Data\3.SplitTrainVal\Val\m\991810000000_9_20191112122413471.jpg
m,D:\Visible_Data\3.SplitTrainVal\Val\m\991817400000_1_2019120510161318.jpg
m,D:\Visible_Data\3.SplitTrainVal\Val\m\991840000000_3_20190926150147808.jpg
m,D:\Visible_Data\3.SplitTrainVal\Val\m\991844200000_8_20191210185209997.jpg
m,D:\Visible_Data\3.SplitTrainVal\Val\m\991846500000_7_20190902175719076.jpg
m,D:\Visible_Data\3.SplitTrainVal\Val\m\991850000000_5_20191128185008728.jpg
m,D:\Visible_Data\3.SplitTrainVal\Val\m\991854000000_7_20191129183251572.jpg
m,D:\Visible_Data\3.SplitTrainVal\Val\m\991856200000_1_20190930190227853.jpg
m,D:\Visible_Data\3.SplitTrainVal\Val\m\991856200000_7_20190903094202106.jpg
m,D:\Visible_Data\3.SplitTrainVal\Val\m\991856200000_9_20190910175231717.jpg
m,D:\Visible_Data\3.SplitTrainVal\Val\m\991857000000_9_20190907100534758.jpg
m,D:\Visible_Data\3.SplitTrainVal\Val\m\991857700000_1_20190903153035155.jpg
m,D:\Visible_Data\3.SplitTrainVal\Val\m\991857700000_9_20190903175210314.jpg
m,D:\Visible_Data\3.SplitTrainVal\Val\m\991858900000_6_20191101095410703.jpg
m,D:\Visible_Data\3.SplitTrainVal\Val\m\991862500000_1_20191112134203766.jpg
m,D:\Visible_Data\3.SplitTrainVal\Val\m\991863300000_5_20191202163555049.jpg
m,D:\Visible_Data\3.SplitTrainVal\Val\m\991863300000_8_20191122120012745.jpg
m,D:\Visible_Data\3.SplitTrainVal\Val\m\991863500000_10_20190930142110654.jpg
m,D:\Visible_Data\3.SplitTrainVal\Val\m\991863500000_6_2019091513045522.jpg
m,D:\Visible_Data\3.SplitTrainVal\Val\m\991867000000_7_20191109154533135.jpg
m,D:\Visible_Data\3.SplitTrainVal\Val\m\991867400000_10_2019090110384271.jpg
m,D:\Visible_Data\3.SplitTrainVal\Val\m\991867400000_1_20190905181741131.jpg
m,D:\Visible_Data\3.SplitTrainVal\Val\m\991868200000_1_201909201359184.jpg
m,D:\Visible_Data\3.SplitTrainVal\Val\m\991869500000_6_20190925105350297.jpg
m,D:\Visible_Data\3.SplitTrainVal\Val\m\991869500000_9_20190909122723821.jpg
m,D:\Visible_Data\3.SplitTrainVal\Val\m\991869900000_9_20191130151506089.jpg
m,D:\Visible_Data\3.SplitTrainVal\Val\m\991881000000_8_201909051223299.jpg
m,D:\Visible_Data\3.SplitTrainVal\Val\m\991882200000_3_2019090509001229.jpg
m,D:\Visible_Data\3.SplitTrainVal\Val\m\991882200000_7_20190904095538977.jpg
m,D:\Visible_Data\3.SplitTrainVal\Val\m\991882200000_7_20190904143710972.jpg
m,D:\Visible_Data\3.SplitTrainVal\Val\m\991882200000_7_2019090509001229.jpg
m,D:\Visible_Data\3.SplitTrainVal\Val\m\991884300000_1_20190906155543175.jpg
m,D:\Visible_Data\3.SplitTrainVal\Val\m\991906100000_1_20190906192945876.jpg
m,D:\Visible_Data\3.SplitTrainVal\Val\m\991908200000_9_20190903131642275.jpg
m,D:\Visible_Data\3.SplitTrainVal\Val\m\992123100000_6_20190906191009724.jpg
m,D:\Visible_Data\3.SplitTrainVal\Val\m\992152800000_5_20191117112644709.jpg
m,D:\Visible_Data\3.SplitTrainVal\Val\m\992178800000_10_20191102110054409.jpg
m,D:\Visible_Data\3.SplitTrainVal\Val\m\992184200000_8_20190904174322513.jpg
m,D:\Visible_Data\3.SplitTrainVal\Val\m\992185700000_2_20191207123518389.jpg
m,D:\Visible_Data\3.SplitTrainVal\Val\m\992189300000_1_20190904111529032.jpg
m,D:\Visible_Data\3.SplitTrainVal\Val\m\992191300000_10_20190904160126242.jpg
m,D:\Visible_Data\3.SplitTrainVal\Val\m\992205600000_8_20190918152619336.jpg
ma,D:\Visible_Data\3.SplitTrainVal\Val\ma\000000005315_8_20190903203204255.jpg
ma,D:\Visible_Data\3.SplitTrainVal\Val\ma\000000058164_2_20190906152238826.jpg
ma,D:\Visible_Data\3.SplitTrainVal\Val\ma\01099251710037469718_5_20191115124830633.jpg
ma,D:\Visible_Data\3.SplitTrainVal\Val\ma\01099258720069239708_9_20190906113333269.jpg
ma,D:\Visible_Data\3.SplitTrainVal\Val\ma\01099310170035429704_3_20191107212020642.jpg
ma,D:\Visible_Data\3.SplitTrainVal\Val\ma\01099424560039259704_5_20191210215532187.jpg
ma,D:\Visible_Data\3.SplitTrainVal\Val\ma\01099518380033099701_5_20190903144242034.jpg
ma,D:\Visible_Data\3.SplitTrainVal\Val\ma\01099518540031099713_10_20191101152939576.jpg
ma,D:\Visible_Data\3.SplitTrainVal\Val\ma\01099525090073819704_1_20191123110435565.jpg
ma,D:\Visible_Data\3.SplitTrainVal\Val\ma\01099525150019089704_6_20191105105701795.jpg
ma,D:\Visible_Data\3.SplitTrainVal\Val\ma\01099525450056009707_2_20191206174718923.jpg
ma,D:\Visible_Data\3.SplitTrainVal\Val\ma\01099622190078479701_5_2019091814432761.jpg
ma,D:\Visible_Data\3.SplitTrainVal\Val\ma\01099622220108419707_9_20191102134442183.jpg
ma,D:\Visible_Data\3.SplitTrainVal\Val\ma\01099624310045879701_1_20191031164947936.jpg
ma,D:\Visible_Data\3.SplitTrainVal\Val\ma\01099624340030829708_6_20191101154432848.jpg
ma,D:\Visible_Data\3.SplitTrainVal\Val\ma\01099966500007859706_5_2019110610055778.jpg
ma,D:\Visible_Data\3.SplitTrainVal\Val\ma\01099968000026219706_10_20191108143727046.jpg
ma,D:\Visible_Data\3.SplitTrainVal\Val\ma\477011920822_4_20190915130256398.jpg
ma,D:\Visible_Data\3.SplitTrainVal\Val\ma\477051311705_5_20190902163413487.jpg
ma,D:\Visible_Data\3.SplitTrainVal\Val\ma\991800900000_3_20190917092532467.jpg
ma,D:\Visible_Data\3.SplitTrainVal\Val\ma\991817400000_4_20191103114622371.jpg
ma,D:\Visible_Data\3.SplitTrainVal\Val\ma\991856200000_1_20190921133046245.jpg
ma,D:\Visible_Data\3.SplitTrainVal\Val\ma\991857700000_9_2019092917252609.jpg
ma,D:\Visible_Data\3.SplitTrainVal\Val\ma\991882200000_7_20190903153001784.jpg
ma,D:\Visible_Data\3.SplitTrainVal\Val\ma\991882300000_6_20190903145954803.jpg
ma,D:\Visible_Data\3.SplitTrainVal\Val\ma\991882500000_1_20190901203054042.jpg
ma,D:\Visible_Data\3.SplitTrainVal\Val\ma\992104200000_3_20190920131853998.jpg
ma,D:\Visible_Data\3.SplitTrainVal\Val\ma\992109200000_4_20191128133748158.jpg
ma,D:\Visible_Data\3.SplitTrainVal\Val\ma\992184800000_9_201909171733341.jpg
